department_bk,itemclass_name_ar,section_name_ar,itemgroup_name_ar,subgroup_name_ar
2239,غذائى,معلبات,مشهيات,باربكيو
40,لا غذائى,مفروشات,منسوجات,ملايات فلات
3140,لا غذائى,ملابس,ملابس رجالى شتوى ,جاكيت /فيست
8220,لا غذائى,ادوات منزلية,الأستانلس + السلفر,شيالة 
3143,لا غذائى,ملابس,ملابس رجالى صيفى ,شورت 
3809,غذائى,مخبوزات,مخبوزات جملة ماركت ,خبز
8015,لا غذائى,ادوات منزلية,زجاج وبيركس وكريستال,صوانى
5301,لا غذائى,منظفات,العنايه بالملابس,صابون سائل للاطباق
6447,لا غذائى,تجميل,مكياج عين,قلم حواجب
9716,لا غذائى,كمبيوتر,مستلزمات موبيل / فون شوب,ساعات سمارت / فون شوب
8923,لا غذائى,ادوات منزلية,رفايع,ولاعات
243,غذائى,ثلاجات تجميد,عجائن  ,عجينة جلاش
3015,لا غذائى,ملابس,ملابس اطفال سنوى,بنطلون
260,غذائى,ثلاجات تجميد,منتجات بحريه مجمده,كالمارى شرائح
6585,لا غذائى,كمبيوتر,تليفونات/ مستلزمات موبايل,كابلات موبايل 
2218,غذائى,معلبات,مشهيات,مسطرده
4208,غذائى,حلويات,بسكويت ,بسكويت مملح
244,غذائى,ثلاجات تجميد,عجائن  ,عجينة سمبوسك
253,غذائى,ثلاجات تجميد,محشيات,ممبار
203,غذائى,ثلاجات تبريد,زبادى,زبادى يونانى ساده
1585,غذائى,ثلاجات تجميد,طيور مجمده,دجاج كامل
2321,غذائى,معلبات,خضار معلب,فول معلب
7901,لا غذائى,ادوات منزلية,تيفال/ سيراميك / جرانيت,اطقم 
9639,غذائى,وجبات جاهزة,اطباق,ارز
9015,لا غذائى,ادوات منزلية,منتجات خشبية و معدنية ,وراقات خشب
215,غذائى,ثلاجات تبريد,مصنعات دجاج مبرده,رومى
8020,لا غذائى,ادوات منزلية,البلاستيك,اطقم خل وزيت
2229,لا غذائى,دعاية وإعلان,إعلان,جريدة جملة ماركت 
2102,غذائى,معلبات,صلصة طماطم,صلصة مكرونه
9650,لا غذائى,ورقيات,حفاضات اطفال ,حفاضات 
6470,لا غذائى,تجميل,قطن,اذن
8331,لا غذائى,ادوات منزلية,خزف+ صينى+فخار ,فخار متنوع 
1568,غذائى,ثلاجات تبريد,منتجات البان,زبده 
2911,غذائى,بقالة,بقالة وزن,زيتون
8023,لا غذائى,ادوات منزلية,زجاج وبيركس وفيزون ,بيركسات 
1169,لا غذائى,ملابس,ملابس اطفال شتوى,طقم دفاية بناتى
9643,غذائى,وجبات جاهزة,تجهيز,تسوية
3807,غذائى,مخبوزات,مخبوزات جملة ماركت ,حلوانى غربى
13,لا غذائى,مفروشات,الوبريات,فوط جكار
6227,لا غذائى,تجميل,مواد العنايه بالشعر,بديل زيت
8908,لا غذائى,ادوات منزلية,رفايع,مقصات 
1508,غذائى,معلبات,مشروبات بارده,مشروبات - طاقه
5108,لا غذائى,منظفات,ادوات ومواد تنظيف احذيه,فرش احذيه - لبيسه
8112,لا غذائى,ادوات منزلية,الالمونيوم والصاج,قوالب كيك 
5959,لا غذائى,منظفات,ادوات نظافه متنوعه,مشابك و حبال
4205,غذائى,حلويات,بسكويت ,بسكويت هدايا
8917,لا غذائى,ادوات منزلية,الأستانلس + السلفر,أطقم سكاكين
9605,لا غذائى,أدوات كهربائية,مستلزمات أدوات كهربائيه,ادبتور
8229,لا غذائى,ادوات منزلية,الأستانلس + السلفر,بوبونيرة ستانلس 
6201,لا غذائى,تجميل,مواد العنايه بالشعر,شامبو قشرة
5709,لا غذائى,منظفات,اكياس ,رول مفرش سفرة
33,لا غذائى,مفروشات,شتوى,لحاف
8030,لا غذائى,ادوات منزلية,زجاج وبيركس وكريستال,طقم قهوة
1614,غذائى,ثلاجات تجميد,جبن موتزاريلا,موتزاريلا اصابع
1411,غذائى,معلبات,مشروبات ساخنه,شاى اطعمه
9408,لا غذائى,ادوات منزلية,خوص وبوص,مشنه
8785,لا غذائى,أجهزة كهربائية,اجهزه كهربائيه متنوعه,حلة أرز كهرباء
9030,لا غذائى,ادوات منزلية,منتجات خشبية و معدنية ,نشابات
112,غذائى,خضار / فاكهه,خضار فريش بالوزن,خضار فريش بالوزن
6474,لا غذائى,تجميل,مواد العناية بالجسم والبشرة,ماء ورد
9747,غذائى,شنط وكراتين متنوعة , شنط وكراتين متنوعة ,كراتين الخير 
7833,لا غذائى,ادوات منزلية,زجاج وبيركس وكريستال,علب ثلاجة 
8004,لا غذائى,ادوات منزلية,زجاج وبيركس وكريستال,كاسات
1167,لا غذائى,ملابس,ملابس اطفال شتوى,سويت شيرت بناتى
9022,لا غذائى,ادوات منزلية,منتجات خشبية و معدنية ,تروليات معدن +ركن+رف
9021,لا غذائى,ادوات منزلية,منتجات خشبية و معدنية ,ملاحات + مطحنة خشب
8310,لا غذائى,ادوات منزلية,خزف+ صينى+فخار ,براد 
191,غذائى,ثلاجات تبريد,جبن مصنعه,جودة
6549,لا غذائى,كمبيوتر,مستلزمات كمبيوتر,فلاش ميمورى
7303,لا غذائى,منظفات,ادوات تنظيف,ملمعات و منظفات سيارات 
8224,لا غذائى,ادوات منزلية,الأستانلس + السلفر,مصافى
3014,لا غذائى,ملابس,ملابس حريمى سنوى,بدى
5104,لا غذائى,منظفات,ادوات ومواد تنظيف احذيه,ورنيش احذيه سائل
6578,لا غذائى,كمبيوتر,مستلزمات كمبيوتر,اكسسوارات كمبيوتر
3006,لا غذائى,ملابس,ملابس رجالى شتوى ,عباية شتوى
6586,لا غذائى,كمبيوتر,تليفونات/ مستلزمات موبايل,شاحن موبايل 
1708,غذائى,معلبات,دايت / نباتى ,مربى / شيكولاتة - دايت
9756,مستلزمات H.R,ملابس خاصه للعمل,ملابس موظفين,كاب / طرحة /كرافته
6206,لا غذائى,تجميل,مواد العنايه بالشعر,مثبت شعر
5306,لا غذائى,منظفات,صابون,صابون - تجميل
7814,لا غذائى,ادوات منزلية,البلاستيك,حامل وقواعد اكواب سخن
7822,لا غذائى,ادوات منزلية,البلاستيك,سبت غسيل 
6477,لا غذائى,تجميل,مواد العناية بالجسم والبشرة,عازل طبى
8341,لا غذائى,ادوات منزلية,خزف+ صينى+فخار ,جاردنيرة
2242,غذائى,معلبات,اسماك معلبه ,اسماك متنوعه
3067,لا غذائى,ملابس,كاب,كاب اطفال / ايس كاب
1638,غذائى,ثلاجات تبريد, اسماك مبرده,أصابع كابوريا مبرده
8008,لا غذائى,ادوات منزلية,زجاج وبيركس وفيزون ,سكرية
8119,لا غذائى,ادوات منزلية,الالمونيوم والصاج,براد صاج 
8955,لا غذائى,ادوات منزلية,رفايع,لباد كراسى
3110,لا غذائى,ملابس,شنط/ محفظه,شنط حريمى
6712,لا غذائى,مستلزمات اطفال,لعب اطفال و اعياد ميلاد,العاب اطفال رياضية 
8952,لا غذائى,ادوات منزلية,رفايع,رافع سوائل
2206,غذائى,معلبات,اسماك معلبه ,سردين
8029,لا غذائى,ادوات منزلية,زجاج وبيركس وكريستال,طقم شاى
2906,غذائى,بقالة,بقالة وزن,شيدر
2901,غذائى,بقالة,بقالة وزن,جبن مصرى
8905,لا غذائى,ادوات منزلية,رفايع,مقاشر
1636,غذائى,ثلاجات تبريد,جبن تتراباك,جبنه قشطه تتراباك
6450,لا غذائى,تجميل,مكياج وجه,بودره وجه
3006,لا غذائى,ملابس,ملابس رجالى,شورت / بنتكور
2806,غذائى,معلبات,خامات حلويات ,كريم كراميل
7808,لا غذائى,ادوات منزلية,البلاستيك,سلة / باسكت / زباله
6480,لا غذائى,تجميل,قطن,بلاستر طبى
272,غذائى,أسماك مملحه,اسماك مملحه بالوزن,رنجه متنوعه
111,غذائى,أسماك فريش,تصنيع أسماك,تصنيع أسماك
6402,لا غذائى,تجميل,مواد العناية بالجسم والبشرة,كولونيا
9730,لا غذائى,مستلزمات عمل,مستلزمات عمل,مستلزمات خدمات عامه
8014,لا غذائى,ادوات منزلية,زجاج وبيركس وكريستال,زجاجات
3086,لا غذائى,ملابس,احزمة,احزمة رجالى
9013,لا غذائى,ادوات منزلية,رفايع,هون
9021,لا غذائى,ادوات منزلية,زجاج وبيركس وكريستال,ملاحات + مطحنة خشب
122,غذائى,جزاره بلدى,لحم شمبرى,كبده شمبرى
5939,لا غذائى,منظفات,العنايه بالملابس,مشابك غسيل
3084,لا غذائى,ملابس,شباشب / سابوه,قنطره اطفال
8018,لا غذائى,ادوات منزلية,زجاج وبيركس وكريستال,أطقم جاتوة زجاج
3115,لا غذائى,ملابس,شماسى رجالى/حريمى/اطفال,شمسيه حريمى
2703,غذائى,معلبات,كورن فليكس / شوفان / بروتين,موسلى
5102,لا غذائى,منظفات,ادوات ومواد تنظيف احذيه,فرش احذيه
9006,لا غذائى,ادوات منزلية,منتجات خشبية و معدنية ,حامل مج معدن
2226,غذائى,معلبات,خضار معلب,مشروم كامل 
3021,غذائى,بقالة,بيض معبأ,بيض ابيض
8902,لا غذائى,ادوات منزلية,رفايع,فويل
9009,لا غذائى,ادوات منزلية,رفايع,قاعدة سخن معدن
8212,لا غذائى,ادوات منزلية,الالمونيوم والصاج,مقلايات 
8308,لا غذائى,ادوات منزلية,خزف+ صينى+فخار ,سلطانية بالغطاء
1587,غذائى,ثلاجات تجميد,طيور مجمده,رومى كامل بالوزن
8914,لا غذائى,ادوات منزلية,رفايع,اطقم توزيع
4410,غذائى,حلويات,حلوى,توفى
6739,لا غذائى,مستلزمات اطفال,لعب اطفال و اعياد ميلاد,مكياج وادوات زينه
5405,لا غذائى,منظفات,مطهرات,مطهر عام
5912,لا غذائى,منظفات,ادوات نظافه متنوعه,جواريف
8010,لا غذائى,ادوات منزلية,تيفال/ سيراميك / جرانيت,برطمانات
220,غذائى,ثلاجات تبريد,قصب / ذرة حلوة,اكواز ذرة حلوة
9679,لا غذائى,المكتبة,أدوات مكتبية,اقلام وادوات مدرسية
8237,لا غذائى,ادوات منزلية,الأستانلس + السلفر,قاعدة سكاكين استانلس
6702,لا غذائى,مستلزمات اطفال,لعب اطفال و اعياد ميلاد,عرائس
1701,غذائى,معلبات,مربى و عسل,مربى
6312,لا غذائى,تجميل,مواد العنايه بالفم,معجون اسنان مكافح تسوس
8301,لا غذائى,ادوات منزلية,خزف+ صينى+فخار ,ااطقم سفرة 
18,لا غذائى,مفروشات,الوبريات,فوط أطفال
1713,غذائى,معلبات,دايت / نباتى ,مشروبات - دايت
9604,لا غذائى,أدوات كهربائية,مستلزمات أدوات كهربائيه,مشتركات
4209,غذائى,حلويات,بسكويت ,كوكيز
3162,لا غذائى,ملابس,ملابس اطفال صيفى,مايوة اولادى
5611,لا غذائى,منظفات,مبيدات - غاز - وكبريت,مبيدات حشرات زاحفه اقراص
1611,غذائى,ثلاجات تجميد,منتجات بحريه مجمده,اصابع كابوريا
210,غذائى,ثلاجات تبريد,مصنعات البان,جيلى
33,لا غذائى,مفروشات,منسوجات,لحاف
162,غذائى,وجبات جاهزة,أكل جاهز,وجبات
8941,لا غذائى,ادوات منزلية,رفايع,سكينة سفرة 
9703,لا غذائى,كمبيوتر,مستلزمات موبيل / فون شوب,فلاش ميمورى / فون شوب
8725,لا غذائى,ادوات منزلية,كراسى جلد/ بحر/ شماسى ,شماسى
1416,غذائى,معلبات,مشروبات ساخنه,قهوه سريعه التحضير - ميكسات
2005,غذائى,ثلاجات تبريد,زبادى,زبادى يونانى فاكهه
5914,لا غذائى,منظفات,ادوات نظافه بلاستيك,مساحات زجاج
256,غذائى,ثلاجات تجميد,محشيات,كبيبه
6441,لا غذائى,تجميل,مكياج شفاه,قلم تحديد شفاه
7205,لا غذائى,مستلزمات متنوعة,كتب ومجلات وادوات كتابية,اقلام وادوات مدرسية
9036,لا غذائى,ادوات منزلية,البلاستيك,باسكت زبالة
1621,غذائى,ثلاجات تجميد,طيور مجمده,اجزاء بط 
7903,لا غذائى,ادوات منزلية,رفايع,مقلايات
8930,لا غذائى,ادوات منزلية,رفايع,قطاعة بسكويت
6538,لا غذائى,كمبيوتر,مستلزمات كمبيوتر,لاب توب
1302,غذائى,معلبات,مكرونه,مكرونة لازانيا
5608,لا غذائى,منظفات,مبيدات - غاز - وكبريت,كبريت
9712,لا غذائى,كمبيوتر,مستلزمات موبيل / فون شوب,مايك/فون شوب
6014,لا غذائى,ورقيات,مناديل ورقيه,ايزى باك
8506,لا غذائى,ادوات منزلية,زجاج وبيركس وكريستال,مج ترمس
5907,لا غذائى,منظفات,منظفات متخصصه,منظفات مطابخ
5956,لا غذائى,منظفات,ادوات نظافه متنوعه,قمع بلاستيك
6593,لا غذائى,كمبيوتر,تليفونات/ مستلزمات موبايل,علاقة موبايل 
186,غذائى,ثلاجات تبريد,جبن بلاستيك,دوبل كريم
1633,غذائى,ثلاجات تبريد,جبن تتراباك,جبنه صفراء تتراباك
6737,لا غذائى,مستلزمات اطفال,العنايه بالجسم,كريم حفاضات
123,غذائى,جزاره بلدى,لحم شمبرى,مصنعات شمبرى
9414,لا غذائى,ادوات منزلية,خوص وبوص,سبت فاكهه
5008,لا غذائى,منظفات,العنايه بالملابس,كلور روايح
8937,لا غذائى,ادوات منزلية,رفايع,فصوص ثلج
1553,غذائى,ثلاجات تبريد,جبن تتراباك,جبنه براميلى تتراباك
9720,لا غذائى,كمبيوتر,مستلزمات موبيل / فون شوب,كاميرات  / فون شوب 
9002,لا غذائى,ادوات منزلية,منتجات خشبية و معدنية ,شماعات معدن
225,غذائى,ثلاجات تجميد,طيور مجمده,اجزاء بط بالوزن
7301,لا غذائى,مستلزمات متنوعة,مستلزمات سيارات,اكسسوارات سيارة
2216,غذائى,معلبات,مشهيات,درسينج
280,غذائى,وجبات جاهزة,اطباق,فراخ
7906,لا غذائى,ادوات منزلية,تيفال/ سيراميك / جرانيت,براد
1101,غذائى,معلبات,زيوت,زيت ذرة
6440,لا غذائى,تجميل,مكياج شفاه,زبده كاكاو
139,غذائى,جزارة مستوردة,لحم مستورد ,مصنعات مستورده بالوزن
8781,لا غذائى,أجهزة كهربائية,اجهزه كهربائيه متنوعه,ماكينه ازاله شعر (سيلك ابيل)
34,لا غذائى,مفروشات,شتوى,دفايات
7708,لا غذائى,مستلزمات متنوعة,لاغى,لاغى
6224,لا غذائى,تجميل,ادوات العنايه بالشعر,توك - بنس شعر
3054,لا غذائى,ملابس,جوارب / ايشارب,شراب فوال حريمى
9017,لا غذائى,ادوات منزلية,منتجات خشبية و معدنية ,قواعد اكواب
7912,لا غذائى,ادوات منزلية,تيفال/ سيراميك / جرانيت,حلل تحمير
222,غذائى,ثلاجات تبريد,ألبان فريش,لبن فريش نصف الدسم
8906,لا غذائى,ادوات منزلية,منتجات خشبية و معدنية ,مباشر
9660,غذائى,وجبات جاهزة,مقبلات,صوصات
3117,لا غذائى,ملابس,احذية,احذيه رياضيه
3063,لا غذائى,ملابس,جوارب / ايشارب,شراب صوبع رجالى
3107,غذائى,عطارة,عطارة وزن,مشروبات عطارة
197,غذائى,ثلاجات تبريد,جبن شيدر اطعم,زيتون
4608,غذائى,حلويات,شيبسى و سناكس وفشار ومحمصات,مقرمشات
2103,غذائى,معلبات,صلصة طماطم,صلصة بيتزا
251,غذائى,ثلاجات تجميد,محشيات,محشى ورق عنب سادة
8116,لا غذائى,ادوات منزلية,الالمونيوم والصاج,لبانة الومنيوم
3028,لا غذائى,ملابس,ملابس داخلية,سبور رجالى
103,غذائى,دواجن فريش,رومى فريش بالوزن,رومى كامل فريش بالوزن
9665,غذائى,أسماك مملحه,وجبات/ تجهيز ,تجهيزات
2324,غذائى,معلبات,خضار معلب,لوبيا
9750,غذائى,معلبات,شوربات ومرقات و خلطات,بقسماط
8925,لا غذائى,ادوات منزلية,الأستانلس + السلفر,كيس ومكبس كريمة
2322,غذائى,معلبات,خضار معلب,ذره حلوه
5210,لا غذائى,منظفات,معطرات,فواحات
8802,لا غذائى,ادوات منزلية,الملامين ,بولة
126,غذائى,جزاره بلدى,لحم شمبرى,سقط
2802,غذائى,معلبات,خامات حلويات ,جيلى بودر
5959,لا غذائى,منظفات,ادوات نظافه متنوعه,مشابك / حبال / مناشر
6422,لا غذائى,تجميل,مواد العناية بالجسم والبشرة,برفانات اصلى رجالى
3074,لا غذائى,ملابس,احذية,كوتشى اطفال
8118,لا غذائى,ادوات منزلية,الالمونيوم والصاج,براد الومنيوم 
137,غذائى,جزارة مستوردة,لحم مستورد ,قلوب مستورده بالوزن
2603,غذائى,معلبات,لحوم معلبة ماشية وطيور,لانشون دجاج معلب
182,غذائى,ثلاجات تبريد,جبن مطبوخ و سبريد,كريمة شيكولاته
3053,لا غذائى,ملابس,جوارب / ايشارب,شراب استريتش حريمى
9008,لا غذائى,ادوات منزلية,منتجات خشبية و معدنية ,قاعدة سخن خشب
6106,لا غذائى,تجميل,مستلزمات حلاقة,معجون حلاقة
2241,غذائى,معلبات,مشهيات,سويت شيلى صوص
6421,لا غذائى,تجميل,مواد العناية بالجسم والبشرة,برفانات اصلى حريمى
6722,لا غذائى,مستلزمات اطفال,اكل اطفال,اكل اطفال بودر
179,غذائى,ثلاجات تبريد,جبن مطبوخ و سبريد,مثلثات
247,غذائى,ثلاجات تجميد,عجائن  ,بيتزا
8927,لا غذائى,ادوات منزلية,رفايع,شماعات اطفال أشكال مختلفة
8756,لا غذائى,أجهزة كهربائية,اجهزه كهربائيه متنوعه,سخان كهرباء /سخان غاز
2202,غذائى,معلبات,اسماك معلبه ,تونه قطع
6716,لا غذائى,مستلزمات اطفال,لعب اطفال و اعياد ميلاد,العاب فرو
1601,غذائى,معلبات,حلاوة طحينيه,حلاوة ساده
3164,لا غذائى,ملابس,ملابس اطفال شتوى,ترنج اولادى
6205,لا غذائى,تجميل,مواد العنايه بالشعر,زيت شعر
156,غذائى,سلطات فريش,سلطات فريش,سلطات فريش متنوعه
105,غذائى,دواجن فريش,بط فريش بالوزن,بط كامل فريش بالوزن
3024,لا غذائى,ملابس,ملابس اطفال سنوى,طقم بناتى
8231,لا غذائى,ادوات منزلية,الأستانلس + السلفر,طبق فاكهة سيلفر
64,لا غذائى,شنط خير ,شنط / كراتين أخرى,شنطه / كرتونة متنوعه
5803,لا غذائى,منظفات,مستلزمات غسالات الاطباق,مسحوق بودر غسالات اطباق
8023,لا غذائى,ادوات منزلية,زجاج وبيركس وكريستال,بيركسات 
8788,لا غذائى,أجهزة كهربائية,اجهزه كهربائيه متنوعه,بوتجاز مسطح شعله / كهرباء
6403,لا غذائى,تجميل,مواد العنايه بالشعر,منظف وتونيك
5946,لا غذائى,منظفات,ادوات نظافه متنوعه,فرش احواض
26,لا غذائى,مفروشات,أرضيات,سجادة صلاة
1559,غذائى,ثلاجات تبريد,جبن تتراباك,جبنه ملح خفيف تتراباك
5201,لا غذائى,منظفات,ملمعات,ملمع اخشاب - باركيه
7101,لا غذائى,مستلزمات متنوعة,العناية بالحيوان,مستلزمات الحيوانات
6624,لا غذائى,مستلزمات اطفال,مستلزمات اطفال ,اسفنج حمام
43,لا غذائى,مفروشات,منسوجات,مخدات فايبر
200,غذائى,ثلاجات تبريد,منتجات البان,جبنه قريش
5208,لا غذائى,منظفات,معطرات,معطر جو سائل
5935,لا غذائى,منظفات,فويل / ورق زبده,فويل
24,لا غذائى,مفروشات,أرضيات,دواسات بانيو
4307,غذائى,حلويات,ايس كريم,ايس كريم ساندوتش
1713,غذائى,معلبات,دايت / نباتى ,عصائر - دايت
6580,لا غذائى,كمبيوتر,مستلزمات كمبيوتر,تليفون ارضى
3079,لا غذائى,ملابس,شباشب / سابوه,سابوه حريمى
9728,لا غذائى,ادوات منزلية,رفايع,منخل استانلس / منخل بلاستيك
8410,لا غذائى,ادوات منزلية,زجاج وبيركس وكريستال,مج
6583,لا غذائى,كمبيوتر,مستلزمات كمبيوتر,هيدفون موبايل 
4,غذائى,ثلاجات تجميد,مصنعات دجاج نصف مطهى بالوزن,برجر دجاج بالوزن
8309,لا غذائى,ادوات منزلية,رفايع,بولة 
7801,لا غذائى,ادوات منزلية,البلاستيك,اطباق/سرافيس بلاستيك
8010,لا غذائى,ادوات منزلية,زجاج وبيركس وكريستال,برطمانات
9683,لا غذائى,المكتبة,أدوات مكتبية,كتب 
121,غذائى,جزاره بلدى,لحم شمبرى,عجل / توسيطه
1581,غذائى,ثلاجات تبريد,مصنعات لحوم مبرده,لانشون لحم 
9739,لا غذائى,تجميل,مواد العناية بالجسم والبشرة,مزيل عرق كريم
3,غذائى,ثلاجات تجميد,مصنعات دجاج نصف مطهى بالوزن,بانيه بالوزن
4304,غذائى,حلويات,ايس كريم,ايس كريم عبوات
279,غذائى,وجبات جاهزة,اطباق,لحوم
8807,لا غذائى,ادوات منزلية,الملامين ,ملاحات ملامين
143,غذائى,مواشى/ طيور حيه,مواشى/ طيور حيه,مواشى حيه
7846,لا غذائى,ادوات منزلية,زجاج وبيركس وكريستال,طقم حمام/خزان شامبو/حامل فرش اسنان
3009,لا غذائى,ملابس,ملابس حريمى سنوى,اسدال
4712,غذائى,مخبوزات,مخبوزات جاهزة / حلويات العيد,مخبوزات العيد / رمضان
56,لا غذائى,مفروشات,مستلزمات متنوعه,غطاء أنبوبه
6714,لا غذائى,مستلزمات اطفال,لعب اطفال و اعياد ميلاد,عربيات/قطارات/طيارات
32,لا غذائى,مفروشات,شتوى,بطانيه
4303,غذائى,حلويات,ايس كريم,ايس كريم استيك/ كونو/ موتشى
9650,لا غذائى,ورقيات,مناديل ورقيه,حفاضات 
6564,لا غذائى,كمبيوتر,مستلزمات كمبيوتر,ميمورى كارد
4305,غذائى,حلويات,ايس كريم,لوليتا
9015,لا غذائى,ادوات منزلية,زجاج وبيركس وكريستال,وراقات خشب
9016,لا غذائى,ادوات منزلية,منتجات خشبية و معدنية ,وراقات معدن
5950,لا غذائى,منظفات,ادوات نظافه بلاستيك,فرش تواليت
174,غذائى,ثلاجات تبريد,ألبان فريش,البان محلاه فريش
8409,لا غذائى,ادوات منزلية,الأركوبال / اركوبيركس,سرفيس
1303,غذائى,معلبات,مكرونه,مكرونة نودلز
3031,لا غذائى,ملابس,ملابس داخلية,سليب رجالى
3076,لا غذائى,ملابس,شباشب / سابوه,سابوه رجالى
6436,لا غذائى,تجميل,مكياج اظافر,اسيتون
1610,غذائى,ثلاجات تجميد,منتجات بحريه مجمده,سيمون فيميه
2238,غذائى,معلبات,مشهيات,هريسة شطه
6567,لا غذائى,كمبيوتر,مستلزمات كمبيوتر,هارد وير
8107,لا غذائى,ادوات منزلية,تيفال/ سيراميك / جرانيت,مقلايات الومنيوم
2921,غذائى,بقالة,بقالة وزن,جبن قريش
3083,لا غذائى,ملابس,شباشب / سابوه,سابوه اطفال
9657,لا غذائى,ملابس,نظارات ,نظارات حريمى
8766,لا غذائى,أجهزة كهربائية,اجهزه كهربائيه متنوعه,مفرمه 
1405,غذائى,معلبات,مشروبات ساخنه,كاكاو خام
6604,لا غذائى,مستلزمات اطفال,مستلزمات اطفال ,شنط بيبى
9733,لا غذائى,مستلزمات عمل,مستلزمات عمل,معدات استخدام الاقسام
6226,لا غذائى,تجميل,ادوات العنايه بالشعر,اطقم - امشاط شعر
3046,لا غذائى,ملابس,جوارب / ايشارب,شراب كلاسيك رجالى
9644,غذائى,وجبات جاهزة,تجهيز,اضافات
7601,لا غذائى,مستلزمات متنوعة,نباتات زينة ومستلزمات ,نباتات طبيعية 
2228,غذائى,معلبات,مشهيات,كاتشب
181,غذائى,ثلاجات تبريد,جبن مطبوخ و سبريد,سبريد وكريمى
1551,غذائى,ثلاجات تبريد,جبن تتراباك,جبنه اسطنبولى تتراباك
245,غذائى,ثلاجات تجميد,عجائن  ,عيش تورتيلا
8201,لا غذائى,ادوات منزلية,الأستانلس + السلفر,اطقم 
9737,لا غذائى,ملابس,ملابس رجالى سنوى,تى شيرت بيزك
3040,لا غذائى,ملابس,ملابس داخلية,سبور اولادى
8008,لا غذائى,ادوات منزلية,زجاج وبيركس وكريستال,سكرية
3061,لا غذائى,ملابس,جوارب / ايشارب,شراب كولون اطفال
169,غذائى,وجبات جاهزة,ساندوتشات,باردة
3139,لا غذائى,ملابس,ملابس رجالى شتوى ,ترنج
130,غذائى,جزاره بلدى,لحم جمل,لحم جمل بالوزن
9702,لا غذائى,كمبيوتر,مستلزمات موبيل / فون شوب,هيدفون موبيل / فون شوب
6011,لا غذائى,ورقيات,فوط صحيه,فوط صحيه عاديه
1507,غذائى,معلبات,مشروبات بارده,مشروبات شعير
167,غذائى,عطارة,مشروبات عطاره معبأه,مشروبات عطاره معبأه
8340,لا غذائى,ادوات منزلية,خزف+ صينى+فخار ,طبق فاكهة 
6469,لا غذائى,تجميل,قطن,طبى
2503,غذائى,معلبات,البان,البان بودر
196,غذائى,ثلاجات تبريد,جبن شيدر اطعم,سادة
7817,لا غذائى,ادوات منزلية,زجاج وبيركس وكريستال,فاكهة ديكور 
7850,لا غذائى,ادوات منزلية,البلاستيك,صفاية معالق وشوك
9723,لا غذائى,مستلزمات عمل,مستلزمات عمل,مستلزمات التسعير / التسويق
3032,لا غذائى,ملابس,ملابس داخلية,بوكسر رجالى
7903,لا غذائى,ادوات منزلية,الأستانلس + السلفر,مقلايات
6434,لا غذائى,تجميل,مكياج اظافر,اكلادور
5209,لا غذائى,منظفات,معطرات,معطر جو جل
1903,غذائى,معلبات,كمبوت,كمبوت كمثرى
6453,لا غذائى,تجميل,ادوات مكياج,فرش اظافر
106,غذائى,دواجن / أرانب,حمام فريش,حمام فريش اطباق
5615,لا غذائى,منظفات,مبيدات - غاز - وكبريت,مصيدة فئران
6577,لا غذائى,كمبيوتر,مستلزمات كمبيوتر,سبليتور روتر
1576,غذائى,ثلاجات تبريد,زبادى,زبادى هضم
1599,غذائى,ثلاجات تجميد,خضروات مجمده,خضروات معباه
9025,لا غذائى,ادوات منزلية,منتجات خشبية و معدنية ,قاعدة مكواة
8212,لا غذائى,ادوات منزلية,تيفال/ سيراميك / جرانيت,مقلايات 
9017,لا غذائى,ادوات منزلية,البلاستيك,قواعد اكواب
8784,لا غذائى,أجهزة كهربائية,اجهزه كهربائيه متنوعه,دى فى دى (DVD)
9010,لا غذائى,ادوات منزلية,منتجات خشبية و معدنية ,مطبقيات استانلس+ صفاية معالق
1577,غذائى,ثلاجات تبريد,زبادى,مشروب رايب
6010,لا غذائى,ورقيات,حفاضات كبار السن,كبار سن
9621,لا غذائى,أدوات كهربائية,مستلزمات أدوات كهربائيه,كشافات متنوعه
8909,لا غذائى,ادوات منزلية,البلاستيك,مضرب بيض ونسكافية
1516,غذائى,معلبات,مشروبات بارده,عصير تتراباك نكتار
8406,لا غذائى,ادوات منزلية,الأركوبال / اركوبيركس,براد 
1203,غذائى,معلبات,سمن,سمن خليط
4715,غذائى,مخبوزات,مخبوزات جاهزة / حلويات العيد,كيك مخبوزات
3144,لا غذائى,ملابس,ملابس رجالى صيفى ,بنتاكور
3017,لا غذائى,ملابس,ملابس اطفال سنوى,قميص
4106,غذائى,حلويات,حلويات بالوزن,شيكولاتة بالوزن
9736,غذائى,ثلاجات تبريد, اسماك مبرده,لانشون ماكولات بحرية
8224,لا غذائى,ادوات منزلية,ترامس / ثلاجات رحلات / موازين,مصافى
9704,لا غذائى,كمبيوتر,مستلزمات موبيل / فون شوب,ولاعة سياره / فون شوب
57,لا غذائى,مفروشات,مستلزمات متنوعه,جزامة /حامل أغراض / أكياس حفظ
7822,لا غذائى,ادوات منزلية,الملامين ,سبت غسيل 
2904,غذائى,بقالة,بقالة وزن,بسطرمة 
9649,غذائى,دواجن فريش,نعام فريش,لحم نعام فريش 
3202,غذائى,عطارة,ياميش,ياميش معبا
6110,لا غذائى,تجميل,مستلزمات حلاقة,العنايه باللحيه
2701,غذائى,معلبات,كورن فليكس / شوفان / بروتين,كورن فليكس
1415,غذائى,معلبات,مشروبات ساخنه,شاى فتله
8764,لا غذائى,أجهزة كهربائية,اجهزه كهربائيه متنوعه,مكواه كهربائيه
7833,لا غذائى,ادوات منزلية,البلاستيك,علب ثلاجة 
6719,لا غذائى,مستلزمات اطفال,لعب اطفال و اعياد ميلاد,العاب متنوعة اخرى
1568,غذائى,ثلاجات تبريد,منتجات البان,زبده طبيعى 
6542,لا غذائى,كمبيوتر,مستلزمات كمبيوتر,هد فون
25,لا غذائى,مفروشات,أرضيات,دواسات اسباجتى
3130,لا غذائى,ملابس,ملابس رياضيه,ملابس حريمى رياضيه
51,لا غذائى,مفروشات,رول ومفرش,رول كاستور
30,لا غذائى,مفروشات,ستائر ومستلزمات,ستائر بلكونه
5304,لا غذائى,منظفات,ادوات نظافه متنوعه,صابون - بار
7801,لا غذائى,ادوات منزلية,زجاج وبيركس وكريستال,اطباق/سرافيس بلاستيك
9707,لا غذائى,كمبيوتر,مستلزمات موبيل / فون شوب,اكسسوارات موبيل / فون شوب
239,غذائى,ثلاجات تجميد,مصنعات دجاج نصف مطهى معبأ,متنوع
8954,لا غذائى,ادوات منزلية,رفايع,فواطة 
273,غذائى,أسماك مملحه,اسماك مملحه بالوزن,بطارخ بورى
8410,لا غذائى,ادوات منزلية,الأركوبال / اركوبيركس,مج
8932,لا غذائى,ادوات منزلية,رفايع,مصفاة حوض
3041,لا غذائى,ملابس,ملابس داخلية,شورت اولادى
7814,لا غذائى,ادوات منزلية,رفايع,حامل وقواعد اكواب سخن
9671,غذائى,ثلاجات تبريد,مشروب ,مشروب رايب 
8911,لا غذائى,ادوات منزلية,رفايع,كسارة بندق
8111,لا غذائى,ادوات منزلية,الالمونيوم والصاج,دماسات الومنيوم 
216,غذائى,ثلاجات تبريد,مصنعات دجاج مبرده,لانشون دجاج
5103,لا غذائى,منظفات,ادوات ومواد تنظيف احذيه,اسفنج احذيه
1306,غذائى,معلبات,مكرونه,مكرونه سيمولينا - فاخر
2219,غذائى,معلبات,مشهيات,مخللات
4204,غذائى,حلويات,بسكويت ,بسكويت دايت
3052,لا غذائى,ملابس,جوارب / ايشارب,شراب بناتى
3039,لا غذائى,ملابس,ملابس داخلية,طقم رجالى
3136,لا غذائى,ملابس,ملابس رجالى شتوى ,قميص شتوى
1613,غذائى,ثلاجات تجميد,جبن موتزاريلا,موتزاريلا قطع
9012,لا غذائى,ادوات منزلية,منتجات خشبية و معدنية ,ترابزات معدن
8234,لا غذائى,ادوات منزلية,الأستانلس + السلفر,طفاية سيلفر 
2706,غذائى,معلبات,كورن فليكس / شوفان / بروتين,بروتين 
1707,غذائى,معلبات,دايت / نباتى ,حلاوه - دايت
8002,لا غذائى,ادوات منزلية,زجاج وبيركس وفيزون ,اكواب
8950,لا غذائى,ادوات منزلية,رفايع,علاقة مختلفة 
3166,لا غذائى,ملابس,ملابس اطفال شتوى,سويت شيرت اولادى
271,غذائى,أسماك مملحه,اسماك مملحه بالوزن,سردين
235,غذائى,ثلاجات تجميد,مصنعات دجاج نصف مطهى معبأ,جناح
8002,لا غذائى,ادوات منزلية,زجاج وبيركس وكريستال,اكواب
3150,لا غذائى,ملابس,ملابس حريمى صيفى,بيجامة/ترنج
5413,لا غذائى,منظفات,مسلكات,مسلكات احواض
1715,غذائى,معلبات,دايت / نباتى ,اعشاب - رجيم
146,لا غذائى,مستلزمات متنوعة,ساعات,منبهات
5007,لا غذائى,منظفات,العنايه بالملابس,كلور الوان
8810,لا غذائى,ادوات منزلية,الملامين ,سلطانية بالغطاء
5207,لا غذائى,منظفات,ملمعات,مزيل صدا
8104,لا غذائى,ادوات منزلية,الالمونيوم والصاج,حلل صاج 
8909,لا غذائى,أجهزة كهربائية,اجهزه كهربائيه متنوعه,مضرب بيض ونسكافية
6107,لا غذائى,تجميل,مستلزمات حلاقة,كولونيات حلاقة
48,لا غذائى,مفروشات,معادن,قاعدة ثلاجه
1620,غذائى,ثلاجات تبريد,مصنعات البان,كريم كراميل
6420,لا غذائى,تجميل,مواد العناية بالجسم والبشرة,بودرة ثلج
8207,لا غذائى,ادوات منزلية,الأستانلس + السلفر,سرافيس 
3502,غذائى,عطارة,ياميش,بخور 
6730,لا غذائى,مستلزمات اطفال,العناية بالشعر,زيت شعر
1404,غذائى,معلبات,مشروبات ساخنه,كابتشينو
3105,غذائى,عطارة,عطارة وزن,بن بالوزن
3049,لا غذائى,ملابس,جوارب / ايشارب,شراب نصف فوطة رجالى
46,لا غذائى,مفروشات,معادن,ترابيزة مكواة
2224,غذائى,معلبات,مشهيات,طحينه
55,لا غذائى,مفروشات,مستلزمات متنوعه,غطاء غساله
259,غذائى,ثلاجات تجميد,منتجات بحريه مجمده,سمك باسا
9696,غذائى,عطارة,زيوت وبخور وفحم معباه,مبخرة 
2805,غذائى,معلبات,خامات حلويات ,مهلبيه ونشا
8337,لا غذائى,ادوات منزلية,خزف+ صينى+فخار ,ملاحات صينى/فخار/خزف
255,غذائى,ثلاجات تجميد,محشيات,كفتة جمبرى
2809,غذائى,معلبات,خامات حلويات ,ام على - كسكسى - لقمه القاضى
3078,لا غذائى,ملابس,شباشب / سابوه,شبشب حريمى
7842,لا غذائى,ادوات منزلية,البلاستيك,شماعات 
59,لا غذائى,مفروشات,مراتب / رحلات,مراتب
9034,لا غذائى,ادوات منزلية,منتجات خشبية و معدنية ,صوانى خشب 
8122,لا غذائى,ادوات منزلية,الالمونيوم والصاج,مصفاه برجل- بلدى 
231,غذائى,ثلاجات تجميد,مصنعات دجاج نصف مطهى معبأ,بانيه
8909,لا غذائى,ادوات منزلية,ترامس / ثلاجات رحلات / موازين,مضرب بيض ونسكافية
3135,لا غذائى,ملابس,ملابس رجالى شتوى ,بلوفر 
1600,غذائى,ثلاجات تجميد,خضروات مجمده,خضار بالوزن
5213,لا غذائى,منظفات,معطرات,معطر تواليت
6554,لا غذائى,كمبيوتر,مستلزمات كمبيوتر,باد موس
8012,لا غذائى,ادوات منزلية,زجاج وبيركس وفيزون ,توابل
8232,لا غذائى,ادوات منزلية,الأستانلس + السلفر,علبة سيلفر
3503,غذائى,عطارة,ياميش,فحم
145,لا غذائى,مستلزمات متنوعة,ساعات,ساعة حائط
7903,لا غذائى,ادوات منزلية,تيفال/ سيراميك / جرانيت,مقلايات
6484,لا غذائى,تجميل,مواد العناية بالجسم والبشرة,مخمرية
8210,لا غذائى,ادوات منزلية,الأستانلس + السلفر,برادات 
6552,لا غذائى,كمبيوتر,مستلزمات كمبيوتر,شنطه لاب توب
9641,غذائى,وجبات جاهزة,وجبات,دجاج
8809,لا غذائى,ادوات منزلية,الملامين ,أطقم ملامين
7808,لا غذائى,ادوات منزلية,البلاستيك,سلة وباسكت 
6725,لا غذائى,مستلزمات اطفال,اكل اطفال,لبن اطفال بودر
6449,لا غذائى,تجميل,مكياج وجه,مزيل مكياج
9013,لا غذائى,ادوات منزلية,منتجات خشبية و معدنية ,هون
8779,لا غذائى,أجهزة كهربائية,اجهزه كهربائيه متنوعه,كشاف شحن كهرباء
9694,غذائى,معلبات,مشروبات بارده,مياة طبيعية - جالونات 
5501,لا غذائى,منظفات,ادوات نظافه متنوعه,اسفنج مواعين وسلك
161,غذائى,وجبات جاهزة,أكل جاهز,سلطات
8950,لا غذائى,ادوات منزلية,البلاستيك,علاقة مختلفة 
7901,لا غذائى,ادوات منزلية,الأستانلس + السلفر,اطقم 
6423,لا غذائى,تجميل,مواد العناية بالجسم والبشرة,برفانات عادية حريمى 
8102,لا غذائى,ادوات منزلية,الالمونيوم والصاج,اطقم صاج 
1403,غذائى,معلبات,مشروبات ساخنه,قهوه سريعه التحضير - كلاسيك
6609,لا غذائى,مستلزمات اطفال,لعب اطفال و اعياد ميلاد,عضاضة وشخليلة
6625,لا غذائى,مستلزمات اطفال,مستلزمات اطفال ,مفروشات نوم اطفال
267,غذائى,ثلاجات تجميد,فلافل مجمدة,فلافل معبأة
5702,لا غذائى,منظفات,اكياس ,اكياس ثلاجة
8922,لا غذائى,ادوات منزلية,رفايع,شياطة ارز
6556,لا غذائى,كمبيوتر,مستلزمات كمبيوتر,ترابيزا كمبيوتر
2240,غذائى,معلبات,مشهيات,صويا صوص(فاتح/غامق)
2907,غذائى,بقالة,بقالة وزن,مصنعات
3502,غذائى,عطارة,زيوت وبخور وفحم معباه,بخور 
6584,لا غذائى,كمبيوتر,تليفونات/ مستلزمات موبايل,هيدفون لاسلكى 
6308,لا غذائى,تجميل,ادوات العنايه بالاسنان,خله اسنان
6232,لا غذائى,تجميل,ادوات العنايه بالشعر,مقص شعر
6105,لا غذائى,تجميل,مستلزمات حلاقة,جيل وبلسم بعد الحلاقة
9654,لا غذائى,ادوات منزلية,رفايع,قوالب سيليكون 
3155,لا غذائى,ملابس,ملابس حريمى شتوى,طقم دفاية
3056,لا غذائى,ملابس,جوارب / ايشارب,شراب محجبات 
6438,لا غذائى,تجميل,مكياج وجه,روج
4107,غذائى,حلويات,حلويات بالوزن,بونبونى/طوفى بالوزن
3016,لا غذائى,ملابس,ملابس اطفال سنوى,طقم اولادى
6310,لا غذائى,تجميل,مواد العنايه بالفم,منظف لطقم الاسنان
8016,لا غذائى,ادوات منزلية,زجاج وبيركس وكريستال,أطقم كاسات
8949,لا غذائى,ادوات منزلية,رفايع,تفالة شاى
8910,لا غذائى,ادوات منزلية,رفايع,مخرطة
161,غذائى,وجبات جاهزة,مقبلات,سلطات
8226,لا غذائى,ادوات منزلية,الأستانلس + السلفر,صينية سيلفر
5012,لا غذائى,منظفات,ادوات تنظيف,مسحوق جيل
8919,لا غذائى,ادوات منزلية,رفايع,اكياس شربات وبدل
4201,غذائى,حلويات,بسكويت ,بسكويت ساده
240,غذائى,ثلاجات تجميد,خضروات مجمده,بطاطس معبأه
6609,لا غذائى,مستلزمات اطفال,مستلزمات اطفال ,عضاضة وشخليلة
5701,لا غذائى,منظفات,اكياس ,اكياس قمامة
47,لا غذائى,مفروشات,معادن,كراسى
49,لا غذائى,مفروشات,معادن,قاعدة غساله
3204,غذائى,عطارة,ياميش,محمصات
6726,لا غذائى,مستلزمات اطفال,حفاضات اطفال,حفاضات
2909,غذائى,بقالة,بقالة وزن,حلاوة
3036,لا غذائى,ملابس,ملابس داخلية,طقم حريمى
3127,لا غذائى,ملابس,جوارب / ايشارب,شال 
8326,لا غذائى,ادوات منزلية,خزف+ صينى+فخار ,طفاية 
7842,لا غذائى,ادوات منزلية,رفايع,شماعات 
6015,لا غذائى,ورقيات,مناديل ورقيه,جيب - مينى جيب - سفره - كوستر
6109,لا غذائى,تجميل,مستلزمات حلاقة,ماكينه حلاقه كهرباء
6433,لا غذائى,تجميل,مواد العناية بالجسم والبشرة,هاند جيل
5958,لا غذائى,منظفات,ادوات نظافه متنوعه,سلكات احواض بلاستيك
8006,لا غذائى,ادوات منزلية,زجاج وبيركس وفيزون ,أطباق فاكهة 
7856,لا غذائى,ادوات منزلية,البلاستيك,بستلة 
7837,لا غذائى,ادوات منزلية,البلاستيك,زجاجات بلاستيك 
8918,لا غذائى,ادوات منزلية,خوص وبوص,ماسك استانلس وبلاستك وسلفر
8206,لا غذائى,ادوات منزلية,الأستانلس + السلفر,اطباق
7805,لا غذائى,ادوات منزلية,البلاستيك,كرسى 
183,غذائى,ثلاجات تبريد,جبن بلاستيك,فيتا
8791,لا غذائى,أجهزة كهربائية,اجهزه كهربائيه متنوعه,غسالات اطباق
3134,لا غذائى,ملابس,ملابس رجالى شتوى ,سويت شيرت
1709,غذائى,معلبات,دايت / نباتى ,عسل نحل - دايت
5934,لا غذائى,منظفات,فويل / ورق زبده,اطباق فويل
3043,لا غذائى,ملابس,ملابس داخلية,سليب اولادى
9631,لا غذائى,ملابس,ملابس اطفال صيفى,قميص اولادى
1630,غذائى,ثلاجات تبريد,جبن تتراباك,جبنه بسطرمه تتراباك
5201,لا غذائى,منظفات,صابون,ملمع اخشاب - باركيه
3088,لا غذائى,ملابس,احزمة,احزمة اطفال
1408,غذائى,معلبات,مشروبات ساخنه,شاى ناعم
6729,لا غذائى,مستلزمات اطفال,العناية بالشعر,بلسم
6211,لا غذائى,تجميل,مواد العنايه بالشعر,حمام كريم
6707,لا غذائى,مستلزمات اطفال,لعب اطفال و اعياد ميلاد,ملابس شخصيات كرتونية
7841,لا غذائى,ادوات منزلية,البلاستيك,كومودينو-وحدة أدراج
8780,لا غذائى,أجهزة كهربائية,اجهزه كهربائيه متنوعه,ميكروويف
6018,لا غذائى,ورقيات,مناديل مبلله,مناديل مبلله مكياج
1102,غذائى,معلبات,زيوت,زيت عباد
8205,لا غذائى,ادوات منزلية,الأستانلس + السلفر,صوانى تقديم 
6621,لا غذائى,مستلزمات اطفال,مستلزمات اطفال ,بافته
8026,لا غذائى,ادوات منزلية,زجاج وبيركس وكريستال,مقلاية فيزون
3106,غذائى,عطارة,عطارة وزن,مستلزمات حلوانى
3108,لا غذائى,ملابس,شنط/ محفظه,شنط مدارس
6204,لا غذائى,تجميل,مواد العنايه بالشعر,كريمات شعر
8415,لا غذائى,ادوات منزلية,الأركوبال / اركوبيركس,طقم قهوة
7602,لا غذائى,مستلزمات متنوعة,نباتات زينة ومستلزمات ,نباتات صناعية
5613,لا غذائى,منظفات,مبيدات - غاز - وكبريت,مبيدات حشرات طائره دهان للجسم
5705,لا غذائى,منظفات,اكياس ,اكياس مكعبات ثلج
6459,لا غذائى,تجميل,ادوات مكياج,فرش مكياج
9676,غذائى,بقالة,بيض معبأ,بيض سمان / بيض نعام
2314,غذائى,معلبات,خضار معلب,خرشوف معلب
5607,لا غذائى,منظفات,مبيدات - غاز - وكبريت,غاز ولاعه
8303,لا غذائى,ادوات منزلية,خزف+ صينى+فخار ,اطقم كاكاو
2702,غذائى,معلبات,كورن فليكس وشوفان,شوفان
8031,لا غذائى,ادوات منزلية,خزف+ صينى+فخار ,فازة
5304,لا غذائى,منظفات,صابون,صابون - صلب
6222,لا غذائى,تجميل,ادوات العنايه بالشعر,فرشه شعر
6703,لا غذائى,مستلزمات اطفال,لعب اطفال و اعياد ميلاد,عجلة و سكوتر و موتوسيكل
8408,لا غذائى,ادوات منزلية,الأركوبال / اركوبيركس,طبق
6210,لا غذائى,تجميل,مواد العنايه بالشعر,كريمات فرد
8339,لا غذائى,ادوات منزلية,خزف+ صينى+فخار ,بونبونيرة +شيالة 
5306,لا غذائى,منظفات,صابون,صابون - بيوتى
4203,غذائى,حلويات,بسكويت ,بسكويت محشو
9672,غذائى,ثلاجات تبريد,مشروب ,مشروب زبادى فاكهة
6580,لا غذائى,كمبيوتر,تليفونات/ مستلزمات موبايل,تليفون ارضى
7843,لا غذائى,ادوات منزلية,البلاستيك,تروليات 
8238,لا غذائى,ادوات منزلية,الأستانلس + السلفر,بولات ستانلس
2604,غذائى,معلبات,لحوم معلبة ماشية وطيور,سوسيس معلب
6482,لا غذائى,تجميل,مواد العناية بالجسم والبشرة,ميسلار
236,غذائى,ثلاجات تجميد,مصنعات دجاج نصف مطهى معبأ,شيش
4102,غذائى,حلويات,شيكولاتة,شيكولاتة مستوردة 
9718,لا غذائى,كمبيوتر,مستلزمات موبيل / فون شوب,جراب  موبيل/ فون شوب
6742,لا غذائى,مستلزمات اطفال,لعب اطفال و اعياد ميلاد,معدات متنوعه
2317,غذائى,معلبات,خضار معلب,ورق عنب
6713,لا غذائى,ادوات منزلية,الأستانلس + السلفر,باذل والعاب ورقية
9670,غذائى,دواجن فريش,دجاج فريش بالوزن,متبلات 
7915,لا غذائى,ادوات منزلية,تيفال/ سيراميك / جرانيت,سبرتاية
3118,لا غذائى,ملابس,ملابس رجالى سنوى,بنطلون جبردين
6473,لا غذائى,تجميل,مكياج وجه,بلاشر
9729,لا غذائى,مستلزمات عمل,مستلزمات عمل,باسكت فارغ / جرادل / طبالى/ براميل
42,لا غذائى,مفروشات,منسوجات,أكياس مخدة
8407,لا غذائى,ادوات منزلية,الأركوبال / اركوبيركس,سكرية
4713,غذائى,مخبوزات,مخبوزات جاهزة / حلويات العيد,توست
2903,غذائى,بقالة,بقالة وزن,لانشون لحم 
141,غذائى,جزارة مستوردة,لحم مستورد ,قلوب بتلو مستورده بالوزن
8950,لا غذائى,ادوات منزلية,منتجات خشبية و معدنية ,علاقة مختلفة 
3110,لا غذائى,ملابس,ملابس رجالى صيفى ,شنط حريمى
6610,لا غذائى,مستلزمات اطفال,مستلزمات اطفال ,اكواب وملاعق للاطفال
6452,لا غذائى,تجميل,مكياج عين,كونسيلر
8502,لا غذائى,ادوات منزلية,ترامس / ثلاجات رحلات / موازين,ايس بوكس
249,غذائى,ثلاجات تجميد,محشيات,سمبوسك جبن
2905,غذائى,بقالة,بقالة وزن,سجق
7910,لا غذائى,ادوات منزلية,تيفال/ سيراميك / جرانيت,قوالب كيك
6740,لا غذائى,مستلزمات اطفال,لعب اطفال و اعياد ميلاد,ادوات صيد
8216,لا غذائى,ادوات منزلية,الأستانلس + السلفر,اكواب 
8930,لا غذائى,ادوات منزلية,البلاستيك,قطاعة بسكويت
7303,لا غذائى,منظفات,ادوات ومواد تنظيف احذيه,ملمعات و منظفات سيارات 
257,غذائى,ثلاجات تجميد,جبن موتزاريلا,موتزاريلا مبشور
5610,لا غذائى,منظفات,مبيدات - غاز - وكبريت,مبيدات حشرات زاحفه لواصق
8749,لا غذائى,أجهزة كهربائية,اجهزه كهربائيه متنوعه,ثلاجات
1417,غذائى,معلبات,مشروبات ساخنه,شاى باللبن ميكسات
9714,لا غذائى,كمبيوتر,مستلزمات موبيل / فون شوب,موبيلات /فون شوب
4306,غذائى,حلويات,ايس كريم,ايس كريم بولات
2210,غذائى,معلبات,اسماك معلبه ,انشوجه
6417,لا غذائى,تجميل,مواد العناية بالجسم والبشرة,باث شاور
274,غذائى,أسماك مملحه,اسماك مملحه بالوزن,كافيار
8914,لا غذائى,ادوات منزلية,الأستانلس + السلفر,اطقم توزيع
7826,لا غذائى,ادوات منزلية,البلاستيك,صوانى 
149,غذائى,جزارة مستوردة,لحم مستورد ,لحمه برازيلى بالوزن
4109,غذائى,حلويات,شيكولاتة,شيكولاته محشيه / مغطاه
8306,لا غذائى,ادوات منزلية,خزف+ صينى+فخار ,اطباق 
250,غذائى,ثلاجات تجميد,محشيات,محشى كرنب
3047,لا غذائى,ملابس,جوارب / ايشارب,شراب سوكيت رجالى
5802,لا غذائى,منظفات,مستلزمات غسالات الاطباق,زيت غسالات اطباق
3806,غذائى,مخبوزات,مخبوزات فندق,مخبوزات متنوعه
8312,لا غذائى,ادوات منزلية,خزف+ صينى+فخار ,لبانة 
8027,لا غذائى,ادوات منزلية,الأركوبال / اركوبيركس,اطقم شربات
168,غذائى,عطارة,محمصة ,محصمة معبئه
3081,لا غذائى,ملابس,شباشب / سابوه,بليرنا حريمى
3037,لا غذائى,ملابس,ملابس داخلية,طقم بناتى
4103,غذائى,حلويات,شيكولاتة,شيكولاتة مصرى
3301,غذائى,عطارة,ارز وسكر ودقيق معبا,ارز مصرى
8759,لا غذائى,أجهزة كهربائية,اجهزه كهربائيه متنوعه,خلاطات / هاند بلندر
127,غذائى,جزاره بلدى,لحم ضانى,خروف ضانى
2813,غذائى,معلبات,خامات حلويات ,الوان طعام / روائح /فارمسيل 
269,غذائى,أسماك مملحه,اسماك مملحه فاكيوم بالوزن,أسماك مملحه فاكيوم
6615,لا غذائى,مستلزمات اطفال,مستلزمات اطفال ,حلمات
7904,لا غذائى,ادوات منزلية,تيفال/ سيراميك / جرانيت,كسرولات
8940,لا غذائى,ادوات منزلية,رفايع,مقورة مختلفة
9713,لا غذائى,كمبيوتر,مستلزمات موبيل / فون شوب,جيم باد/فون شوب
8113,لا غذائى,ادوات منزلية,الالمونيوم والصاج,اطباق الومنيوم 
6614,لا غذائى,مستلزمات اطفال,مستلزمات اطفال ,وسائد ثدى /شفاط
8913,لا غذائى,ادوات منزلية,رفايع,أطقم معلاق 
7846,لا غذائى,ادوات منزلية,منتجات خشبية و معدنية ,طقم حمام/خزان شامبو/حامل فرش اسنان
3002,لا غذائى,ملابس,ملابس رجالى,قميص
9701,لا غذائى,كمبيوتر,مستلزمات موبيل / فون شوب,سبيكر بالشحن / فون شوب
5410,لا غذائى,منظفات,مطهرات,مطهر تواليت
7853,لا غذائى,ادوات منزلية,البلاستيك,غطاء ميكرويف
9606,لا غذائى,أدوات كهربائية,مستلزمات أدوات كهربائيه,عدد/ مفكات
3306,غذائى,عطارة,ارز وسكر ودقيق معبا,سكر مكعبات
6701,لا غذائى,مستلزمات اطفال,لعب اطفال و اعياد ميلاد,مستلزمات البحر و الشاطئ
31,لا غذائى,مفروشات,ستائر ومستلزمات,حلق ستائر 
2000,غذائى,ثلاجات تبريد,زبادى,بودنج
9686,لا غذائى,المكتبة,أدوات مكتبية,زمزمية / لانش بوكس
1502,غذائى,معلبات,مشروبات بارده,مياه غازيه - محلى/مستورد
227,غذائى,ثلاجات تجميد,مصنعات لحوم مجمده,سجق
275,غذائى,أسماك مملحه,اسماك مملحه بالوزن,سالمون
9735,لا غذائى,المكتبة,أدوات مكتبية,ورق تصوير 
7201,لا غذائى,مستلزمات متنوعة,كتب ومجلات وادوات كتابية,كتب
2203,غذائى,معلبات,اسماك معلبه ,تونه قطعه واحده
8034,لا غذائى,ادوات منزلية,زجاج وبيركس وكريستال,اطقم اركو بيركس
201,غذائى,ثلاجات تبريد,منتجات البان,سمن طبيعى
9677,غذائى,مخبوزات,مخبوزات جملة ماركت ,مواد خام
7304,لا غذائى,مستلزمات متنوعة,مستلزمات سيارات,معطرات السيارة 
3808,غذائى,مخبوزات,مخبوزات جملة ماركت ,حلوانى شرقى
9731,لا غذائى,مستلزمات عمل,مستلزمات عمل,مستلزمات طبيه وادويه
8342,لا غذائى,ادوات منزلية,زجاج وبيركس وكريستال,طاجن
6209,لا غذائى,تجميل,مواد العنايه بالشعر,حنة شعر
193,غذائى,ثلاجات تبريد,جبن مصنعه,ريكفورد
7207,لا غذائى,مستلزمات متنوعة,كبونات عميل,كبونات عميل
3034,لا غذائى,ملابس,ملابس داخلية,كليوت حريمى
199,غذائى,ثلاجات تبريد,جبن شيدر اطعم,سوبريم
207,غذائى,ثلاجات تبريد,مصنعات البان,ام على
175,غذائى,ثلاجات تبريد,جبن شرائح,شرائح شيدر
8413,لا غذائى,ادوات منزلية,الأركوبال / اركوبيركس,فنجان 
5612,لا غذائى,منظفات,مبيدات - غاز - وكبريت,مبيدات حشرات طائره سائل
9627,لا غذائى,ملابس,ملابس اطفال صيفى,كاش مايوة
9412,لا غذائى,ادوات منزلية,خوص وبوص,سبت عيش
6704,لا غذائى,مستلزمات اطفال,لعب اطفال و اعياد ميلاد,مستلزمات رياضيه
7905,لا غذائى,ادوات منزلية,تيفال/ سيراميك / جرانيت,كنك
35,لا غذائى,مفروشات,شتوى,كوفرته
3156,لا غذائى,ملابس,ملابس اطفال صيفى,ترنج اولادى
6406,لا غذائى,تجميل,مواد العناية بالجسم والبشرة,زيوت للبشرة
6458,لا غذائى,تجميل,ادوات مكياج,فارد رموش
3132,لا غذائى,ملابس,ملابس رجالى شتوى ,طقم دفاية 
6566,لا غذائى,كمبيوتر,مستلزمات كمبيوتر,سى دى العاب وتعليمى
8215,لا غذائى,ادوات منزلية,الأستانلس + السلفر,دوارق
8905,لا غذائى,ادوات منزلية,البلاستيك,مقاشر
124,غذائى,جزاره بلدى,لحم بتلو,عجل/ توسيطه بتلو 
9636,غذائى,وجبات جاهزة,اطباق,فتات
6628,لا غذائى,مستلزمات اطفال,مستلزمات اطفال ,زمزميات و لانش بوكس
2215,غذائى,معلبات,مشهيات,صوصات متنوعه
39,لا غذائى,مفروشات,منسوجات,ملايات استيك
9751,مستلزمات H.R,ملابس خاصه للعمل,ملابس موظفين,قميص / بلوزة 
187,غذائى,ثلاجات تبريد,جبن بلاستيك,براميلى
6590,لا غذائى,كمبيوتر,تليفونات/ مستلزمات موبايل,باور بانك
5005,لا غذائى,منظفات,العنايه بالملابس,مزيلات بقع
1409,غذائى,معلبات,مشروبات ساخنه,شاى خرز
9633,لا غذائى,ملابس,ملابس اطفال شتوى,بنطلون ترنج بناتى
3154,لا غذائى,ملابس,ملابس حريمى شتوى,روب
7302,لا غذائى,مستلزمات متنوعة,مستلزمات سيارات,فرش سيارات
6465,لا غذائى,تجميل,ادوات مكياج,قصافه
6455,لا غذائى,تجميل,ادوات مكياج,برايات
3000,لا غذائى,ملابس,ملابس رجالى,بنطلون جينز/ جبردين
3310,غذائى,عطارة,ارز وسكر ودقيق معبا,دقيق ذرة
2908,غذائى,بقالة,بقالة وزن,كريمة
9407,لا غذائى,ادوات منزلية,أثاث,انتريهات
9020,لا غذائى,ادوات منزلية,منتجات خشبية و معدنية ,اطقم توابل خشب
8204,لا غذائى,ادوات منزلية,الأستانلس + السلفر,طواجن 
6619,لا غذائى,مستلزمات اطفال,مستلزمات اطفال ,مشمع
9658,لا غذائى,ملابس,نظارات ,مستلزمات نظارات 
8124,لا غذائى,ادوات منزلية,الالمونيوم والصاج,كوب مياة
9005,لا غذائى,ادوات منزلية,منتجات خشبية و معدنية ,حامل توزيع معدن
1305,غذائى,معلبات,مكرونه,مكرونه شعبى
1517,غذائى,معلبات,مشروبات بارده,عصير تتراباك مشروب
8771,لا غذائى,أجهزة كهربائية,اجهزه كهربائيه متنوعه,شفاط
1571,غذائى,ثلاجات تبريد,منتجات البان,قشطه معلبه
7848,لا غذائى,ادوات منزلية,البلاستيك,جزامات 
5804,لا غذائى,منظفات,مستلزمات غسالات الاطباق,مسحوق مكعبات غسالات اطباق
7836,لا غذائى,ادوات منزلية,البلاستيك,دوارق 
9630,لا غذائى,ملابس,ملابس اطفال صيفى,بنتاكور بناتى
3058,لا غذائى,ملابس,جوارب / ايشارب,شراب سوكيت حريمى
8201,لا غذائى,ادوات منزلية,تيفال/ سيراميك / جرانيت,اطقم 
2204,غذائى,معلبات,اسماك معلبه ,تونه شرائح 
3044,لا غذائى,ملابس,ملابس داخلية,بكينى اولادى
278,غذائى,وجبات جاهزة,مقبلات,طواجن
3016,لا غذائى,ملابس,ملابس اطفال,طقم اولادى
9700,لا غذائى,كمبيوتر,مستلزمات موبيل / فون شوب,شاحن موبيل / فون شوب
109,غذائى,أسماك فريش,كابوريا فريش بالوزن,كابوريا فريش بالوزن
6019,لا غذائى,ورقيات,مناديل مبلله,مناديل مبلله متخصصه
8001,لا غذائى,ادوات منزلية,زجاج وبيركس وكريستال,مجات زجاج 
9757,غذائى,بقالة,بقالة وزن,لانشون رومى 
2320,غذائى,معلبات,خضار معلب,خضار مشكل
8022,لا غذائى,ادوات منزلية,زجاج وبيركس وكريستال,مانع فوران
9001,لا غذائى,ادوات منزلية,منتجات خشبية و معدنية ,شماعات خشب
3019,لا غذائى,ملابس,ملابس اطفال,تى شيرت / سويت شيرت
6744,لا غذائى,مستلزمات اطفال,العنايه بالجسم,زيت 
2601,غذائى,معلبات,لحوم معلبة ماشية وطيور,كاندبيف
9722,لا غذائى,تجميل,مستلزمات حلاقة,ماكينة حلاقة حريمى(جاهز/غيار)
3307,غذائى,عطارة,ارز وسكر ودقيق معبا,سكر دايت
17,لا غذائى,مفروشات,الوبريات,فوط مطبخ
6471,لا غذائى,تجميل,قطن,مكياج
9202,لا غذائى,ادوات منزلية,رفايع,اباجورات
1575,غذائى,ثلاجات تبريد,زبادى,زبادى فواكه
6305,لا غذائى,تجميل,مواد العنايه بالفم,بودرة اسنان
3403,غذائى,عطارة,علافة وتوابل واعشاب معباة,اعشاب معباة
116,غذائى,فطير / بيتزا,بيتزا,بيتزا 
9628,لا غذائى,ملابس,ملابس اطفال صيفى,شورت
6570,لا غذائى,كمبيوتر,مستلزمات كمبيوتر,بلو توث
11,مستلزمات H.R,ملابس خاصه للعمل,ملابس موظفين,تى شيرت 
8760,لا غذائى,أجهزة كهربائية,اجهزه كهربائيه متنوعه,مكنسه كهربائيه
5514,لا غذائى,منظفات,ادوات نظافه متنوعه,موب وغيار
142,غذائى,دواجن فريش,دجاج فريش بالوزن,مصنعات
8934,لا غذائى,ادوات منزلية,رفايع,قطاعة طورشى
3075,لا غذائى,ملابس,شباشب / سابوه,شبشب رجالى
1413,غذائى,معلبات,مشروبات ساخنه,اعشاب
6228,لا غذائى,تجميل,مواد العنايه بالشعر,كريم جيل
6603,لا غذائى,مستلزمات اطفال,مستلزمات اطفال ,حمالات
8936,لا غذائى,ادوات منزلية,رفايع,خيط وابر
158,غذائى,جزارة مستوردة,لحم مستورد ,لحمه بتلو بالوزن
9036,لا غذائى,ادوات منزلية,منتجات خشبية و معدنية ,باسكت زبالة
3203,غذائى,عطارة,ياميش,بلح مغلف
6467,لا غذائى,تجميل,ادوات مكياج,ملقاط
6481,لا غذائى,تجميل,مواد العناية بالجسم والبشرة,جل للبشره
9018,لا غذائى,ادوات منزلية,منتجات خشبية و معدنية ,اطباق فاكهة سلك
132,غذائى,جزاره بلدى,لحم مبرد,لحم مبرد بالوزن
5906,لا غذائى,منظفات,منظفات متخصصه,منظفات افران
6451,لا غذائى,تجميل,مكياج وجه,علب مكياج
8808,لا غذائى,ادوات منزلية,الملامين ,معالق ملامين
1912,غذائى,معلبات,كمبوت,كمبوت مشمش
6607,لا غذائى,مستلزمات اطفال,مستلزمات اطفال ,بانيو وقاعدة تواليت
6548,لا غذائى,كمبيوتر,مستلزمات كمبيوتر,DVD
246,غذائى,ثلاجات تجميد,عجائن  ,كانيلونى
3087,لا غذائى,ملابس,احزمة,احزمة حريمى
5918,لا غذائى,منظفات,ادوات نظافه متنوعه,مساحات تميمه/ غيار
7839,لا غذائى,ادوات منزلية,البلاستيك,ماكينات متنوعة 
4202,غذائى,حلويات,بسكويت ,بسكويت ويفر 
8935,لا غذائى,ادوات منزلية,رفايع,مسن سكاكين
8929,لا غذائى,ادوات منزلية,رفايع,معلقة زلابية + زبدة
14,لا غذائى,مفروشات,الوبريات,فوط مطرزة
6439,لا غذائى,تجميل,مكياج شفاه,ملمع شفاه
189,غذائى,ثلاجات تبريد,جبن بلاستيك,لايت
5943,لا غذائى,منظفات,فويل / ورق زبده,ورق زبده
226,غذائى,ثلاجات تجميد,مصنعات لحوم مجمده,كوكتيل لحم
9003,لا غذائى,ادوات منزلية,منتجات خشبية و معدنية ,حامل مج خشب
8213,لا غذائى,ادوات منزلية,الأستانلس + السلفر,عصارة يدوى 
1170,لا غذائى,ملابس,ملابس اطفال شتوى,بلوفر اولادى
6611,لا غذائى,مستلزمات اطفال,مستلزمات اطفال ,مقسم طعام /اطباق
6461,لا غذائى,تجميل,ادوات مكياج,طقم باديكير
133,غذائى,جزارة مستوردة,لحم مستورد ,لحمه مستورده بالوزن
3159,لا غذائى,ملابس,ملابس اطفال صيفى,تى شيرت بناتى
3001,لا غذائى,ملابس,ملابس رجالى صيفى ,تى شيرت بيزك
12,لا غذائى,مفروشات,الوبريات,فوط سادة
9684,لا غذائى,المكتبة,أدوات مكتبية,كشكول وكراسة
1589,غذائى,ثلاجات تجميد,طيور مجمده,اجزاء دجاج
1554,غذائى,ثلاجات تبريد,جبن تتراباك,جبنه لايت تتراباك
1635,غذائى,ثلاجات تبريد,جبن تتراباك,جبنه ريكفورد تتراباك
7710,لا غذائى,مستلزمات متنوعة,لوازم عمل,لوازم أقسام الفريش (خاصه بالعمل)
8223,لا غذائى,ادوات منزلية,الأستانلس + السلفر,طفايات
8334,لا غذائى,ادوات منزلية,زجاج وبيركس وكريستال,مجات
152,غذائى,خضار / فاكهه,فاكهه فريش قطع,اكواب فاكهه فريش قطع
6103,لا غذائى,تجميل,مستلزمات حلاقة,ماكينة حلاقة رجالى(جاهز/غيار)
9008,لا غذائى,ادوات منزلية,رفايع,قاعدة سخن خشب
9014,لا غذائى,ادوات منزلية,منتجات خشبية و معدنية ,بلانشة خشب
6617,لا غذائى,مستلزمات اطفال,مستلزمات اطفال ,فرشاة /مقص /قصافة
258,غذائى,ثلاجات تجميد,منتجات بحريه مجمده,جمبرى مقشر
6629,لا غذائى,مستلزمات اطفال,مستلزمات اطفال ,فاز(قصريه) اطفال
8201,لا غذائى,ادوات منزلية,منتجات خشبية و معدنية ,اطقم 
8786,لا غذائى,أجهزة كهربائية,اجهزه كهربائيه متنوعه,ريسيفر
36,لا غذائى,مفروشات,منسوجات,طقم مطرز
9699,لا غذائى,كمبيوتر,مستلزمات موبيل / فون شوب,باور بانك / فون شوب
7305,لا غذائى,مستلزمات متنوعة,مستلزمات سيارات,منفاخ كاوتش سيارة 
5009,لا غذائى,منظفات,العنايه بالملابس,كلور ارضيات
8912,لا غذائى,ادوات منزلية,منتجات خشبية و معدنية ,قطع توزيع مختلفة
55,لا غذائى,مفروشات,ستائر ومستلزمات,غطاء غساله
224,غذائى,ثلاجات تجميد,طيور مجمده,ارانب
6594,لا غذائى,كمبيوتر,تليفونات/ مستلزمات موبايل,هولدر -حامل موبايل سيارة
6581,لا غذائى,كمبيوتر,تليفونات/ مستلزمات موبايل,اكسسوارات موبايل
1902,غذائى,معلبات,كمبوت,كمبوت خوخ
8727,لا غذائى,ادوات منزلية,كراسى جلد/ بحر/ شماسى ,طقم ترابيزه + كرسى
8001,لا غذائى,ادوات منزلية,زجاج وبيركس وفيزون ,مجات زجاج 
2811,غذائى,معلبات,خامات حلويات ,شيكولاته مطبخ
8775,لا غذائى,أجهزة كهربائية,اجهزه كهربائيه متنوعه,مراوح
3010,لا غذائى,ملابس,ملابس حريمى شتوى,بنطلون ترنج حريمى شتوى
3141,لا غذائى,ملابس,ملابس رجالى شتوى , بنطلون ترنج رجالى شتوى
5406,لا غذائى,منظفات,مطهرات,مطهر سبرتو
1718,غذائى,معلبات,دايت / نباتى ,خالى من الجلوتين
3112,غذائى,عطارة,عطارة وزن,مستلزمات الشعر والعناية الشخصية (عطارة)
8789,لا غذائى,أجهزة كهربائية,اجهزه كهربائيه متنوعه,مبردات مياه
8017,لا غذائى,ادوات منزلية,زجاج وبيركس وكريستال,أطقم خشاف
2223,غذائى,معلبات,مشهيات,حامض ليمون
6541,لا غذائى,كمبيوتر,مستلزمات كمبيوتر,ماوس
6303,لا غذائى,تجميل,مواد العنايه بالفم,مضمضة 
2105,غذائى,معلبات,صلصة طماطم,طماطم مقشره
1717,غذائى,معلبات,دايت / نباتى ,بذور معبأه
9680,لا غذائى,المكتبة,أدوات مكتبية,قصص / رسم /حكايات
8754,لا غذائى,أجهزة كهربائية,اجهزه كهربائيه متنوعه,توستر / ساندوتش ميكر 
5910,لا غذائى,منظفات,فلاتر,فلاتر
5506,لا غذائى,منظفات,ادوات تنظيف,فوط ارضيات
4607,غذائى,حلويات,حلوى المولد / شرقيه,حلوى المولد
6560,لا غذائى,كمبيوتر,مستلزمات كمبيوتر,كاميرا ديجيتال
3202,لا غذائى,عطارة,ياميش,ياميش معبا
6630,لا غذائى,مستلزمات اطفال,مستلزمات اطفال ,زحليقه / مرجيحه
7852,لا غذائى,ادوات منزلية,البلاستيك,عصارة برتقال
6723,لا غذائى,مستلزمات اطفال,اكل اطفال,اكل اطفال جاهز
9027,لا غذائى,ادوات منزلية,منتجات خشبية و معدنية ,صبانات معدن
6415,لا غذائى,تجميل,مواد العناية بالجسم والبشرة,مزيل الشعر
155,غذائى,عصير فريش,عصير فريش,عصير فريش فواكه
9632,لا غذائى,ملابس,ملابس اطفال شتوى,بنطلون ترنج اولادى
37,لا غذائى,مفروشات,منسوجات,طقم مشجر
5301,لا غذائى,منظفات,صابون,صابون سائل للاطباق
8920,لا غذائى,ادوات منزلية,رفايع,مسطرة تورتة+ سكينة حلويات
8749,غذائى,أجهزة كهربائية,اجهزه كهربائيه متنوعه,ثلاجات
3145,لا غذائى,ملابس,ملابس حريمى صيفى,كاش مايوة
6632,لا غذائى,مستلزمات اطفال,مستلزمات اطفال ,زحافات
6731,لا غذائى,مستلزمات اطفال,العنايه بالجسم,صابون
9653,غذائى,مخبوزات,مخبوزات جملة ماركت ,العيد / رمضان 
5960,لا غذائى,منظفات,ادوات نظافه متنوعه,هراشات
1632,غذائى,ثلاجات تبريد,جبن تتراباك,جبنه مشطشطه تتراباك
6,لا غذائى,مستلزمات متنوعة,مستلزمات هدايا,ورق هدايا
50,لا غذائى,مفروشات,رول ومفرش,مفارش ترابيزة
9663,غذائى,بقالة,بيض معبأ,بيض بلدى 
9009,لا غذائى,ادوات منزلية,البلاستيك,قاعدة سخن معدن
8418,لا غذائى,ادوات منزلية,الأركوبال / اركوبيركس,طقم ثلاجة
3082,لا غذائى,ملابس,شباشب / سابوه,شبشب اطفال
3029,لا غذائى,ملابس,ملابس داخلية,شورت رجالى
3313,غذائى,عطارة,ارز وسكر ودقيق معبا,سميد
53,لا غذائى,مفروشات,رول ومفرش,رول أنواع
1905,غذائى,معلبات,كمبوت,كمبوت مشكل
6101,لا غذائى,تجميل,مستلزمات حلاقة,شفرات حلاقة
28,لا غذائى,مفروشات,أرضيات,ستائر حمام
106,غذائى,دواجن فريش,حمام فريش,حمام فريش اطباق
8327,لا غذائى,ادوات منزلية,خزف+ صينى+فخار ,شيف +زجاجة خل وزيت
4607,غذائى,حلويات,حلوى,حلوى المولد
8916,لا غذائى,ادوات منزلية,رفايع,فرشة دهان
9743,غذائى,خضار / فاكهه,فاكهه فريش بالوزن,فاكهه فريش اطباق / قطعه
7846,لا غذائى,ادوات منزلية,البلاستيك,طقم حمام/خزان شامبو/حامل فرش اسنان
7809,لا غذائى,ادوات منزلية,البلاستيك,زبالة 
3146,لا غذائى,ملابس,ملابس حريمى صيفى,قميص نوم
2318,غذائى,معلبات,خضار معلب,بليله
8915,لا غذائى,ادوات منزلية,رفايع,فاصل بيض + قطاعة بيض
7907,لا غذائى,ادوات منزلية,تيفال/ سيراميك / جرانيت,لبانة
8931,لا غذائى,ادوات منزلية,رفايع,عجلة بيتزا
114,غذائى,فطير / بيتزا,فطير,فطير حادق
8401,لا غذائى,ادوات منزلية,الأركوبال / اركوبيركس,اطقم اركوبال
9668,غذائى,دواجن فريش,دجاج فريش بالوزن,دجاج كامل مغلف
9652,غذائى,مخبوزات,مخبوزات جملة ماركت ,توريدات
5407,لا غذائى,منظفات,مطهرات,مطهر فنيك
6101,لا غذائى,تجميل,مستلزمات حلاقة,شفرات حلاقة رجالى
3116,لا غذائى,ملابس,شماسى رجالى/حريمى/اطفال,شمسيه اطفالى
1171,لا غذائى,ملابس,ملابس اطفال شتوى,بلوفر بناتى
3805,غذائى,مخبوزات,مخبوزات جملة ماركت ,مخبوزات جملة ماركت بالوزن
3312,غذائى,عطارة,ارز وسكر ودقيق معبا,دقيق اسمر
5515,لا غذائى,منظفات,مرايل وجوانتيات,مرايل مطبخ
6416,لا غذائى,تجميل,مواد العناية بالجسم والبشرة,شاور جيل
8217,لا غذائى,ادوات منزلية,الأستانلس + السلفر,علب ثلاجة 
8212,لا غذائى,ادوات منزلية,الأستانلس + السلفر,مقلايات 
6418,لا غذائى,تجميل,مواد العناية بالجسم والبشرة,لوشن للجسم
6444,لا غذائى,تجميل,مكياج عين,ايلاينر
2605,غذائى,معلبات,لحوم معلبة ماشية وطيور,لانشون لحمه/رومى معلب
8101,لا غذائى,ادوات منزلية,الالمونيوم والصاج,اطقم الومنيوم 
9741,لا غذائى,تجميل,مستلزمات حلاقة,شفرات حلاقه حريمى
3111,لا غذائى,ملابس,جوارب / ايشارب,جوانتى رجالى/ حريمى
9687,لا غذائى,المكتبة,أدوات مكتبية,مصاحف
7911,لا غذائى,ادوات منزلية,تيفال/ سيراميك / جرانيت,سوتيز
2315,غذائى,معلبات,خضار معلب,ثوم معلب
4602,غذائى,حلويات,شيبسى و سناكس وفشار ومحمصات,ذرة
3152,لا غذائى,ملابس,ملابس حريمى شتوى,بيجامة/ترنج
6557,لا غذائى,كمبيوتر,مستلزمات كمبيوتر,حامل لاب توب
8793,لا غذائى,أجهزة كهربائية,اجهزه كهربائيه متنوعه,بيلت ان
2230,لا غذائى,تجميل,إكسسوارات ,توك 
3449,غذائى,باريستا,مشروبات ساخنه,مشروبات ساخنه متنوعه
7832,لا غذائى,ادوات منزلية,رفايع,اقماع 
8005,لا غذائى,ادوات منزلية,زجاج وبيركس وفيزون ,بولات
212,غذائى,ثلاجات تبريد,مصنعات البان,بروفترول
230,غذائى,ثلاجات تجميد,مصنعات دجاج نصف مطهى بالوزن,كوكتيل دجاج بالوزن
2004,غذائى,معلبات,شوربات ومرقات و خلطات,توابل وبهارات مغلفه
9620,لا غذائى,أدوات كهربائية,أدوات صحيه,أدوات صحيه متنوعه
9688,لا غذائى,المكتبة,أدوات مكتبية,ادوات تعليمية
7823,لا غذائى,ادوات منزلية,البلاستيك,بولة / عجانه
185,غذائى,ثلاجات تبريد,جبن بلاستيك,ملح خفيف
5502,لا غذائى,منظفات,ادوات تنظيف,اسفنج - فوط تنشيف
8750,لا غذائى,أجهزة كهربائية,اجهزه كهربائيه متنوعه,ماكينه فيشار/ ماكينة غزل بنات
8031,لا غذائى,ادوات منزلية,زجاج وبيركس وكريستال,فازة
6711,لا غذائى,مستلزمات اطفال,لعب اطفال و اعياد ميلاد,كور متنوعة
1593,غذائى,ثلاجات تجميد,مصنعات لحوم مجمده,برجر
8769,لا غذائى,أجهزة كهربائية,اجهزه كهربائيه متنوعه,صاعق ناموس
135,غذائى,جزارة مستوردة,لحم مستورد ,كبده ضان مستورده بالوزن
8953,لا غذائى,ادوات منزلية,رفايع,زجاجة كاتشب
113,غذائى,خضار / فاكهه,فاكهه فريش بالوزن,فاكهه فريش بالوزن
9640,غذائى,وجبات جاهزة,اطباق,مكرونات
6601,لا غذائى,مستلزمات اطفال,مستلزمات اطفال ,سراير
2808,غذائى,معلبات,خامات حلويات ,خلطة كيك وبسبوسه 
3051,لا غذائى,ملابس,جوارب / ايشارب,شراب اولادى
6734,لا غذائى,مستلزمات اطفال,العنايه بالجسم,لوشن
9651,لا غذائى,ورقيات,حفاضات اطفال ,بانتس 
8924,لا غذائى,ادوات منزلية,رفايع,شاكوش بوفتيك
5908,لا غذائى,منظفات,منظفات متخصصه,منظفات تواليت
9009,لا غذائى,ادوات منزلية,منتجات خشبية و معدنية ,قاعدة سخن معدن
9011,لا غذائى,ادوات منزلية,منتجات خشبية و معدنية ,ترابيزات خشب مختلفة
9619,لا غذائى,أدوات كهربائية,مستلزمات أدوات كهربائيه,لمبات ليد
5913,لا غذائى,منظفات,ادوات نظافه متنوعه,مكانس
9740,لا غذائى,مستلزمات اطفال,العناية بالشعر,كريم شعر 
2902,غذائى,بقالة,بقالة وزن,جبنة مستوردة
7909,لا غذائى,ادوات منزلية,تيفال/ سيراميك / جرانيت,طاجن
1501,غذائى,معلبات,مشروبات بارده,مياه طبيعيه - زجاج
277,غذائى,وجبات جاهزة,مقبلات,محاشى
16,لا غذائى,مفروشات,الوبريات,فوط تواليت
1512,غذائى,معلبات,مشروبات بارده,عصائر تتراباك مستورد
8009,لا غذائى,ادوات منزلية,زجاج وبيركس وكريستال,طفايات
6414,لا غذائى,تجميل,مواد العناية بالجسم والبشرة,الحماية من الشمس
2504,غذائى,معلبات,البان,البان مكثفه ومركز
5003,لا غذائى,منظفات,العنايه بالملابس,مساحيق اتوماتيك بالوزن
6401,لا غذائى,تجميل,مواد العناية بالجسم والبشرة,مزيل عرق
4604,غذائى,حلويات,شيبسى و سناكس وفشار ومحمصات,مكسرات معبأه
262,غذائى,ثلاجات تجميد,منتجات بحريه مجمده,سبيط شرائح
192,غذائى,ثلاجات تبريد,جبن مصنعه,ايدام
5602,لا غذائى,منظفات,مبيدات - غاز - وكبريت,مبيدات حشرات طائره اقراص
5706,لا غذائى,منظفات,اكياس ,اكياس سلوفان
2704,غذائى,معلبات,كورن فليكس / شوفان / بروتين,بليله
3142,لا غذائى,ملابس,ملابس رجالى صيفى ,بنطلون ترنج رجالى صيفى
5101,لا غذائى,منظفات,ادوات ومواد تنظيف احذيه,اربطه احذيه ومزيل روائح
6013,لا غذائى,ورقيات,مناديل ورقيه,مطبخ
8024,لا غذائى,ادوات منزلية,زجاج وبيركس وكريستال,حلة فيزون
5950,لا غذائى,منظفات,ادوات نظافه متنوعه,فرش تواليت
8334,لا غذائى,ادوات منزلية,خزف+ صينى+فخار ,مجات
6708,لا غذائى,مستلزمات اطفال,لعب اطفال و اعياد ميلاد,العاب حربية
115,غذائى,فطير / بيتزا,فطير,فطير حلو
5948,لا غذائى,منظفات,ادوات نظافه متنوعه,فرش شيش - شباك
8219,لا غذائى,ادوات منزلية,الأستانلس + السلفر,ملاحات استانلس
9019,لا غذائى,ادوات منزلية,منتجات خشبية و معدنية ,علبة كوخ
6434,لا غذائى,تجميل,مكياج شفاه,اكلادور
9661,غذائى,معلبات,دايت / نباتى ,بسكويت - كوكيز  دايت
8035,لا غذائى,ادوات منزلية,زجاج وبيركس وكريستال,مبخره زجاج
4111,غذائى,حلويات,كرواسون / ساندوتش / باتيه / فطير ,كيك أنواع
9732,لا غذائى,مستلزمات عمل,مستلزمات عمل,أدوات مكتبيه استخدامات
6445,لا غذائى,تجميل,مكياج عين,مسكرا
8768,لا غذائى,أجهزة كهربائية,اجهزه كهربائيه متنوعه,بوتجازات
6448,لا غذائى,تجميل,مكياج وجه,كريم اساس
8756,لا غذائى,أجهزة كهربائية,اجهزه كهربائيه متنوعه,سخان كهرباء
1619,غذائى,ثلاجات تجميد,طيور مجمده,اجزاء رومى
3077,لا غذائى,ملابس,شباشب / سابوه,قنطره رجالى
7815,لا غذائى,ادوات منزلية,البلاستيك,مطبقيات +ادرج معالق
6229,لا غذائى,تجميل,مكياج شفاه,شامبو بيوتى
7604,لا غذائى,مستلزمات متنوعة,نباتات زينة ومستلزمات حدائق ,شوالى زرع
6403,لا غذائى,تجميل,مواد العناية بالجسم والبشرة,منظف وتونيك
3070,لا غذائى,ملابس,احذية,احذية حريمى
2913,غذائى,بقالة,بقالة وزن,زبدة وسمن
3503,غذائى,عطارة,زيوت وبخور وفحم معباه,فحم
6223,لا غذائى,تجميل,ادوات العنايه بالشعر,مشط شعر
60,لا غذائى,مفروشات,مراتب / رحلات,شلته
1616,غذائى,ثلاجات تبريد,كفيار,كفيار انبوب
9726,لا غذائى,مستلزمات عمل,مستلزمات عمل,اكياس - استرتش - ورق زبدة - فويل
1599,غذائى,ثلاجات تجميد,خضروات مجمده,خضروات- فاكهة  معباه
8805,لا غذائى,ادوات منزلية,الملامين ,صينية
6438,لا غذائى,تجميل,مكياج شفاه,روج
9004,لا غذائى,ادوات منزلية,منتجات خشبية و معدنية ,حامل توزيع خشب 
5712,لا غذائى,منظفات,اكياس ,غطاء تواليت
5940,لا غذائى,منظفات,العنايه بالملابس,حبال غسيل
107,غذائى,دواجن فريش,سمان فريش ,سمان فريش اطباق
6547,لا غذائى,كمبيوتر,مستلزمات كمبيوتر,CD
1402,غذائى,معلبات,مشروبات ساخنه,بن
4411,غذائى,حلويات,حلوى,ملبس
8011,لا غذائى,ادوات منزلية,زجاج وبيركس وكريستال,ملاحات زجاج
157,لا غذائى,مستلزمات متنوعة,مستلزمات طبيه,كمامه طبيه
5801,لا غذائى,منظفات,مستلزمات غسالات الاطباق,ملح غسالات اطباق
8804,لا غذائى,ادوات منزلية,الملامين ,قاعدة سخن
6411,لا غذائى,تجميل,مواد العناية بالجسم والبشرة,كريم تفتيح
6460,لا غذائى,تجميل,ادوات مكياج,اسفنج مكياج
7851,لا غذائى,ادوات منزلية,البلاستيك,عياشة 
1506,غذائى,معلبات,مشروبات بارده,شربات
1603,غذائى,معلبات,حلاوة طحينيه,حلاوة مكسرات
8948,لا غذائى,ادوات منزلية,رفايع,معلقة ايس كريم 
7825,لا غذائى,ادوات منزلية,رفايع,مصفى 
9031,لا غذائى,ادوات منزلية,منتجات خشبية و معدنية ,حامل أكواب
8201,لا غذائى,ادوات منزلية,رفايع,اطقم 
8921,لا غذائى,ادوات منزلية,رفايع,عصارات
6408,لا غذائى,تجميل,مواد العناية بالجسم والبشرة,صنفرة للبشرة
6203,لا غذائى,تجميل,مواد العنايه بالشعر,جيل
8309,لا غذائى,ادوات منزلية,خزف+ صينى+فخار ,بولة 
9642,غذائى,وجبات جاهزة,وجبات,لحوم
8417,لا غذائى,ادوات منزلية,الأركوبال / اركوبيركس,طقم بهارات
8021,لا غذائى,ادوات منزلية,تيفال/ سيراميك / جرانيت,أطقم ثلاجة
8763,لا غذائى,أجهزة كهربائية,اجهزه كهربائيه متنوعه,مضرب بيض / عجان
8301,لا غذائى,ادوات منزلية,خزف+ صينى+فخار ,اطقم سفرة
6456,لا غذائى,تجميل,ادوات مكياج,مرايات
8225,لا غذائى,ادوات منزلية,الأستانلس + السلفر,عامود اكل 
5711,لا غذائى,منظفات,أطباق فوم / كرتون / شمع,اطباق عيد ميلاد
9673,غذائى,ثلاجات تبريد,منتجات البان,زبدة خليط 
8728,لا غذائى,ادوات منزلية,كراسى جلد/ بحر/ شماسى ,مرجيحه
9705,لا غذائى,كمبيوتر,مستلزمات موبيل / فون شوب,هيدفون لاسلكى / فون شوب
4110,غذائى,حلويات,بسكويت ,كرواسون محشو
8726,لا غذائى,ادوات منزلية,كراسى جلد/ بحر/ شماسى ,شلته
3059,لا غذائى,ملابس,جوارب / ايشارب,شراب صوبع حريمى
7501,لا غذائى,مستلزمات متنوعة,بطاريات جافة وكشافات وشواحن بطاريات,بطاريات جافة
20,لا غذائى,مفروشات,أرضيات,طقم حمام
1597,غذائى,ثلاجات تجميد,عجائن  ,عجائن غربى
8956,لا غذائى,ادوات منزلية,رفايع,ساطور
8030,لا غذائى,ادوات منزلية,زجاج وبيركس وفيزون ,طقم قهوة
9201,لا غذائى,ادوات منزلية,براويز/ تحف  ,براويز انواع مختلفة
2909,غذائى,بقالة,بقالة وزن,حلاوة / شمع عسل
8765,لا غذائى,أجهزة كهربائية,اجهزه كهربائيه متنوعه,غلايه / كنكة قهوه
2313,غذائى,معلبات,خضار معلب,حمص معلب
1513,غذائى,معلبات,مشروبات بارده,عصائر حبيبات
8236,لا غذائى,ادوات منزلية,الأستانلس + السلفر,عجانة ستانلس
15,لا غذائى,مفروشات,الوبريات,بشكير
3092,لا غذائى,ملابس,ملابس داخلية,بكينى رجالى
9037,لا غذائى,ادوات منزلية,منتجات خشبية و معدنية ,شمسية معدن
1552,غذائى,ثلاجات تبريد,جبن تتراباك,جبنه دوبل كريم تتراباك
9664,غذائى,أسماك مملحه,وجبات/ تجهيز ,وجبات جاهزة 
6016,لا غذائى,ورقيات,مناديل مبلله,مناديل مبلله اطفال
150,غذائى,جزارة مستوردة,لحم مستورد ,لحمه ضانى بالوزن
3125,لا غذائى,ملابس,ملابس رجالى سنوى,اندر شيرت
242,غذائى,ثلاجات تجميد,خضروات مجمده,ذره حلوه 
6230,لا غذائى,تجميل,مواد العنايه بالشعر,شامبو صالون
9028,لا غذائى,ادوات منزلية,منتجات خشبية و معدنية ,قطعة توزيع حشب
7902,لا غذائى,ادوات منزلية,تيفال/ سيراميك / جرانيت,حلل
5004,لا غذائى,منظفات,العنايه بالملابس,منعمات ملابس مركزة
6476,لا غذائى,تجميل,مكياج وجه,مناديل مزيله للمكياج
8010,لا غذائى,ادوات منزلية,البلاستيك,برطمانات
6401,لا غذائى,تجميل,مواد العناية بالجسم والبشرة,مزيل عرق رول اون
2227,غذائى,معلبات,مشهيات,السوشى
4603,غذائى,حلويات,شيبسى و سناكس وفشار ومحمصات,فشار
153,لا غذائى,إعادة تدوير,إعادة تدوير,إعادة تدوير
8757,لا غذائى,أجهزة كهربائية,اجهزه كهربائيه متنوعه,مطحنه كهربائيه
263,غذائى,ثلاجات تجميد,منتجات بحريه مجمده,سبيط كامل
1501,غذائى,معلبات,مشروبات بارده,مياه طبيعيه
9656,لا غذائى,ملابس,نظارات ,نظارات رجالى
7842,لا غذائى,ادوات منزلية,الأستانلس + السلفر,شماعات 
3149,لا غذائى,ملابس,ملابس حريمى صيفى,مايوة حريمى
3030,لا غذائى,ملابس,ملابس داخلية,نصف كم رجالى
3502,غذائى,عطارة,زيوت وبخور وفحم معباه,بخور ومبخرة
5013,لا غذائى,منظفات,العنايه بالملابس,منعمات ملابس عادية
4401,غذائى,حلويات,حلوى,بونبونى
5609,لا غذائى,منظفات,مبيدات - غاز - وكبريت,مبيدات حشرات زاحفه سموم
9637,غذائى,وجبات جاهزة,مشاوى,لحوم
4104,غذائى,حلويات,شيكولاتة,شيكولاتة علب هدايا
8021,لا غذائى,ادوات منزلية,زجاج وبيركس وكريستال,أطقم ثلاجة
3113,لا غذائى,ملابس,شنط/ محفظه,حافظه نقود
1704,غذائى,معلبات,مربى و عسل,عسل نحل
8208,لا غذائى,ادوات منزلية,الأستانلس + السلفر,لبانات 
7834,لا غذائى,ادوات منزلية,البلاستيك,قوالب سليكون
7913,لا غذائى,ادوات منزلية,تيفال/ سيراميك / جرانيت,كنك نحاس
3035,لا غذائى,ملابس,ملابس داخلية,بكينى حريمى
6219,لا غذائى,تجميل,مواد العنايه بالشعر,بودره تشقير للشعر
6435,لا غذائى,تجميل,مكياج اظافر,مقوى ومعالج اظافر
8783,لا غذائى,أجهزة كهربائية,اجهزه كهربائيه متنوعه,ماكينه حلاقه رجالى كهرباء
9708,لا غذائى,كمبيوتر,مستلزمات موبيل / فون شوب,ميمورى كارد / فون شوب
7,لا غذائى,مستلزمات متنوعة,مستلزمات هدايا,اكسسوار
44,لا غذائى,مفروشات,معادن,سلالم
1600,غذائى,ثلاجات تجميد,خضروات مجمده,خضار-فاكهة  بالوزن
9725,لا غذائى,مستلزمات عمل,مستلزمات عمل,علب / اطباق فوم / مستلزمات حلوانى
5109,لا غذائى,منظفات,ادوات ومواد تنظيف احذيه,مناديل تلميع أحذيه
6229,لا غذائى,تجميل,مواد العنايه بالشعر,شامبو بيوتى
2917,غذائى,بقالة,بقالة وزن,لبنه
4110,غذائى,حلويات,كرواسون / ساندوتش / باتيه / فطير ,كرواسون محشو
2804,غذائى,معلبات,خامات حلويات ,بودينج وكاستر
62,لا غذائى,مفروشات,مستلزمات متنوعه,مريله / جوانتى / ماسك سخن
3068,لا غذائى,ملابس,كاب,كمامات قطن طبيه
6574,لا غذائى,كمبيوتر,مستلزمات كمبيوتر,روتر
202,غذائى,ثلاجات تبريد,منتجات البان,مورته
6575,لا غذائى,كمبيوتر,مستلزمات كمبيوتر,جراب كاميرا
8339,لا غذائى,ادوات منزلية,البلاستيك,بونبونيرة +شيالة 
2219,غذائى,بقالة,بقالة وزن,مخللات
6457,لا غذائى,تجميل,ادوات مكياج,شنط مكياج
9734,لا غذائى,مستلزمات عمل,مستلزمات عمل,دفاتر و كروت/ استيكرات
218,غذائى,ثلاجات تبريد,مصنعات دجاج مبرده,شرائح رومى
6017,لا غذائى,ورقيات,مناديل مبلله,مناديل مبلله مطهره
4404,غذائى,حلويات,حلوى,مارشملو
7303,لا غذائى,مستلزمات متنوعة,مستلزمات سيارات,ملمعات و منظفات سيارات 
1803,غذائى,معلبات,كريمات وزبدة فول ,زبدة فول سودانى 
3401,غذائى,عطارة,علافة وتوابل واعشاب معباة,علافة معباة
5614,لا غذائى,منظفات,مبيدات - غاز - وكبريت,مبيدات حشرات طائره مضرب ذباب
6464,لا غذائى,تجميل,ادوات مكياج,مبرد وموس
5923,لا غذائى,منظفات,ادوات نظافه متنوعه,بخاخات
9410,لا غذائى,ادوات منزلية,خوص وبوص,طبق
3020,لا غذائى,ملابس,ملابس اطفال,بيجامة / ترنج اولادى
7503,لا غذائى,مستلزمات متنوعة,بطاريات جافة وكشافات وشواحن بطاريات,شواحن بطاريات
1910,غذائى,معلبات,كمبوت,كمبوت مانجو 
8020,لا غذائى,ادوات منزلية,زجاج وبيركس وكريستال,اطقم خل وزيت
3160,لا غذائى,ملابس,ملابس اطفال صيفى,بنطلون ترنج اولادى
6412,لا غذائى,تجميل,مواد العناية بالجسم والبشرة,كريم تقشير
2920,غذائى,بقالة,بقالة وزن,لانشون دجاج
6446,لا غذائى,تجميل,مكياج عين,قلم كحل
1901,غذائى,معلبات,كمبوت,كمبوت اناناس
8105,لا غذائى,ادوات منزلية,الالمونيوم والصاج,كنك الومنيوم 
8013,لا غذائى,ادوات منزلية,زجاج وبيركس وفيزون ,دوارق
7807,لا غذائى,ادوات منزلية,البلاستيك,جردل 
194,غذائى,ثلاجات تبريد,جبن مصنعه,مش
7806,لا غذائى,ادوات منزلية,البلاستيك,ترابيزة 
2801,غذائى,معلبات,خامات حلويات ,بيكنج بودر وفانيليا وخميره ومحسنات
7708,لا غذائى,مستلزمات متنوعة,صيانة  اجهزة روز ,صيانه  اجهزة روز
4405,غذائى,حلويات,حلوى,جيلى 
1604,غذائى,معلبات,حلاوة طحينيه,حلاوة شعر وسبريد
8504,لا غذائى,ادوات منزلية,ترامس / ثلاجات رحلات / موازين,ثلاجات رحلات
6442,لا غذائى,تجميل,مكياج عين,ايشادو
6718,لا غذائى,مستلزمات اطفال,لعب اطفال و اعياد ميلاد,اعياد ميلاد / حفلات
2502,غذائى,معلبات,البان,البان محلاه
8938,لا غذائى,ادوات منزلية,رفايع,معلقة / شوكة أكل سفرة
6466,لا غذائى,تجميل,ادوات مكياج,مقص اظافر
3050,لا غذائى,ملابس,جوارب / ايشارب,شراب هاف سوكيت رجالى
5603,لا غذائى,منظفات,مبيدات - غاز - وكبريت,مبيدات حشرات طائره اجهزه - غيار
1615,غذائى,ثلاجات تبريد,كفيار,كفيار برطمان
3080,لا غذائى,ملابس,شباشب / سابوه,قنطره حريمى
2,غذائى,ثلاجات تجميد,مصنعات لحوم مجمده بالوزن,هوت دوج بالوزن
6304,لا غذائى,تجميل,مواد العنايه بالفم,معجون اسنان حساسه / عناية
3131,لا غذائى,ملابس,ملابس داخلية,براه 
8806,لا غذائى,ادوات منزلية,الملامين ,سرفيس
3098,لا غذائى,ملابس,ملابس اطفال سنوى,جلابية بناتى
110,غذائى,أسماك فريش,جمبرى فريش بالوزن,جمبرى فريش بالوزن
9607,لا غذائى,أدوات كهربائية,مستلزمات أدوات كهربائيه,ادوات لصق
3124,لا غذائى,ملابس,ملابس داخلية,اندروير بناتى
5105,لا غذائى,منظفات,ادوات ومواد تنظيف احذيه,ورنيش احذيه شمواه
8414,لا غذائى,ادوات منزلية,الأركوبال / اركوبيركس,طقم شاى 
7814,لا غذائى,ادوات منزلية,منتجات خشبية و معدنية ,حامل وقواعد اكواب سخن
5307,لا غذائى,منظفات,صابون,صابون - تنظيف
9021,لا غذائى,ادوات منزلية,رفايع,ملاحات + مطحنة خشب
1719,غذائى,معلبات,دايت / نباتى ,توست /سناكس ارز
3072,لا غذائى,ملابس,احذية,كوتشى رجالى
8904,لا غذائى,ادوات منزلية,رفايع,هراسة ثوم + بزارة زيتون 
8311,لا غذائى,ادوات منزلية,خزف+ صينى+فخار ,سكرية 
1514,غذائى,معلبات,مشروبات بارده,عصائر زجاج/بلاستيك/صفيح/ديوباك
195,غذائى,ثلاجات تبريد,جبن مصنعه,مستورد
7832,لا غذائى,ادوات منزلية,البلاستيك,اقماع 
7102,لا غذائى,مستلزمات متنوعة,العناية بالحيوان,اكل الحيوانات
1596,غذائى,ثلاجات تجميد,مصنعات لحوم مجمده,فرانك لحم
283,غذائى,وجبات جاهزة,اطباق,فطار 
3005,لا غذائى,ملابس,ملابس رجالى,تي شيرت  
136,غذائى,جزارة مستوردة,لحم مستورد ,كلاوى مستورده بالوزن
6540,لا غذائى,كمبيوتر,مستلزمات كمبيوتر,كى بورد
1617,غذائى,ثلاجات تجميد,عجائن  ,فطير
1634,غذائى,ثلاجات تبريد,جبن تتراباك,جبنه شيدر تتراباك
6569,لا غذائى,كمبيوتر,مستلزمات كمبيوتر,كرسى كمبيوتر
8214,لا غذائى,ادوات منزلية,الأستانلس + السلفر,ماكينة شعرية 
1574,غذائى,ثلاجات تبريد,زبادى,زبادى لايت
1609,غذائى,ثلاجات تجميد,منتجات بحريه مجمده,اسماك متنوعه
6602,لا غذائى,مستلزمات اطفال,مستلزمات اطفال ,بوسيت
264,غذائى,ثلاجات تجميد,منتجات بحريه مجمده,فواكه بحر
6463,لا غذائى,تجميل,ادوات مكياج,حجر خفاف
3148,لا غذائى,ملابس,ملابس حريمى صيفى,بنتاكور/جيبة
217,غذائى,ثلاجات تبريد,مصنعات دجاج مبرده,شرائح دجاج
144,لا غذائى,مستلزمات متنوعة,ساعات,ساعة يد
3137,لا غذائى,ملابس,ملابس رجالى صيفى ,قميص نص كم
9706,لا غذائى,كمبيوتر,مستلزمات موبيل / فون شوب,ماوس / فون شوب
3402,غذائى,عطارة,ارز وسكر ودقيق معبا,توابل وبهارات معباة
8227,لا غذائى,ادوات منزلية,الأستانلس + السلفر,شيالة سليفر
211,غذائى,ثلاجات تبريد,مصنعات البان,كاسترد
8126,لا غذائى,ادوات منزلية,الالمونيوم والصاج,قاعدة حلة
2312,غذائى,معلبات,خضار معلب,فاصوليا معلبه
5911,لا غذائى,منظفات,فلاتر,غيار فلاتر
1301,غذائى,معلبات,مكرونه,مكرونه مستورده
6595,لا غذائى,كمبيوتر,تليفونات/ مستلزمات موبايل,كونفرتر
1592,غذائى,ثلاجات تجميد,مصنعات لحوم مجمده,مفروم
8027,لا غذائى,ادوات منزلية,زجاج وبيركس وفيزون ,اطقم شربات
9745,غذائى,معلبات,كريمات وزبدة فول ,كريمة حشو 
2217,غذائى,معلبات,مشهيات,مايونيز
5921,لا غذائى,منظفات,ادوات نظافه متنوعه,مضارب سجاد / مضرب ذباب
6307,لا غذائى,تجميل,ادوات العنايه بالاسنان,فرشه اسنان
6424,لا غذائى,تجميل,مواد العناية بالجسم والبشرة,برفانات عادية رجالى
2501,غذائى,معلبات,البان,البان سائله
9748,غذائى,شنط وكراتين متنوعة , شنط وكراتين متنوعة ,كراتين  متنوعة 
6221,لا غذائى,تجميل,ادوات العنايه بالشعر,فرش للصبغه
6479,لا غذائى,تجميل,مكياج وجه,هاى لايتر
5006,لا غذائى,منظفات,العنايه بالملابس,كلور عادى
1706,غذائى,معلبات,مربى و عسل,حلبة معقودة
9689,غذائى,باريستا,مشروبات باردة,مشروبات باردة متنوعة 
2923,غذائى,بقالة,بقالة وزن,مورته
8120,لا غذائى,ادوات منزلية,تيفال/ سيراميك / جرانيت,صوانى الومنيوم 
234,غذائى,ثلاجات تجميد,مصنعات دجاج نصف مطهى معبأ,دبوس
3315,غذائى,عطارة,ارز وسكر ودقيق معبا,سكر باكيت
8945,لا غذائى,ادوات منزلية,رفايع,مغناطيس اشكال
8770,لا غذائى,أجهزة كهربائية,اجهزه كهربائيه متنوعه,دفايات
6713,لا غذائى,مستلزمات اطفال,لعب اطفال و اعياد ميلاد,باذل والعاب ورقية
9719,لا غذائى,كمبيوتر,مستلزمات موبيل / فون شوب,شاحن لاسلكى /فون شوب
6543,لا غذائى,كمبيوتر,مستلزمات كمبيوتر,MP3
9629,لا غذائى,ملابس,ملابس اطفال صيفى,بنتاكور اولادى
9695,لا غذائى,ادوات منزلية,زجاج وبيركس وكريستال,شمعدان
6551,لا غذائى,كمبيوتر,مستلزمات كمبيوتر,كاميرا
8,غذائى,ثلاجات تجميد,مصنعات دجاج نصف مطهى بالوزن,استربس بالوزن
8501,لا غذائى,ادوات منزلية,ترامس / ثلاجات رحلات / موازين,كولمان
6616,لا غذائى,مستلزمات اطفال,مستلزمات اطفال ,ببرونات
7811,لا غذائى,ادوات منزلية,البلاستيك,اكواب/ماجات بلاستيك
8005,لا غذائى,ادوات منزلية,زجاج وبيركس وكريستال,بولات
3303,غذائى,عطارة,ارز وسكر ودقيق معبا,ارز دايت
5002,لا غذائى,منظفات,العنايه بالملابس,مساحيق يدوى
3161,لا غذائى,ملابس,ملابس اطفال صيفى,بنطلون ترنج بناتى
6483,لا غذائى,تجميل,مواد العناية بالجسم والبشرة,كحول
188,غذائى,ثلاجات تبريد,جبن بلاستيك,دمياطى
9709,لا غذائى,كمبيوتر,مستلزمات موبيل / فون شوب,هولدر حامل موبيل سياره/فون شوب
7860,لا غذائى,ادوات منزلية,البلاستيك,صبانات
1412,غذائى,معلبات,مشروبات ساخنه,قهوه سريعه التحضير - جولد
8926,لا غذائى,ادوات منزلية,رفايع,شيش طاووك
67,لا غذائى,مفروشات,مستلزمات متنوعه,شماعه ستان
9655,لا غذائى,منظفات,ادوات نظافه متنوعه,لمامات
5947,لا غذائى,منظفات,ادوات نظافه متنوعه,فرش سجاد / بلاط
3109,لا غذائى,ملابس,شنط/ محفظه,شنط سفر
8762,لا غذائى,أجهزة كهربائية,اجهزه كهربائيه متنوعه,عصاره فواكه / موالح
5501,لا غذائى,منظفات,ادوات تنظيف,اسفنج مواعين وسلك
8013,لا غذائى,ادوات منزلية,زجاج وبيركس وكريستال,دوارق
9724,لا غذائى,مستلزمات عمل,مستلزمات عمل,مستلزمات الكاشير
8332,لا غذائى,ادوات منزلية,خزف+ صينى+فخار ,فنجان شاى 
8114,لا غذائى,ادوات منزلية,الالمونيوم والصاج,اكواب الومنيوم 
3114,لا غذائى,ملابس,شماسى رجالى/حريمى/اطفال,شمسيه رجالى
1586,غذائى,ثلاجات تجميد,طيور مجمده,بط كامل بالوزن
4609,غذائى,حلويات,حلوى المولد / شرقيه,حلويات شرقيه
5106,لا غذائى,منظفات,ادوات ومواد تنظيف احذيه,ورنيش احذيه كريم
2201,غذائى,معلبات,اسماك معلبه ,تونه مفتته
4402,غذائى,حلويات,حلوى,مصاصة
2104,غذائى,معلبات,صلصة طماطم,طماطم قطع - كامله
108,غذائى,أسماك فريش,سمك فريش بالوزن,سمك فريش بالوزن
29,لا غذائى,مفروشات,ستائر ومستلزمات,ستائر بلاك اوت
9669,غذائى,دواجن فريش,دجاج فريش بالوزن,أجزاء دجاج مغلف
22,لا غذائى,مفروشات,أرضيات,دواسات كاوتش
6231,لا غذائى,تجميل,مواد العنايه بالشعر,شامبو طبيعى
3065,لا غذائى,ملابس,كاب,كاب رجالى / ايس كاب / برنيطه
3018,لا غذائى,ملابس,ملابس اطفال سنوى,فستان
6432,لا غذائى,تجميل,مواد العناية بالجسم والبشرة,صابون عنايه بالبشره
5302,لا غذائى,منظفات,صابون,صابون سائل للارضيات
5408,لا غذائى,منظفات,مطهرات,مطهر ارضيات
8761,لا غذائى,أجهزة كهربائية,اجهزه كهربائيه متنوعه,ماكينه زبادى
7812,لا غذائى,ادوات منزلية,رفايع,بلانشة 
3123,غذائى,بقالة,أسماك مملحه بالوزن,فاكيوم بالوزن
3008,لا غذائى,ملابس,ملابس رجالى سنوى,بليزر 
177,غذائى,ثلاجات تبريد,جبن شرائح,شرائح لايت
9742,غذائى,خضار / فاكهه,خضار فريش بالوزن,خضار فريش اطباق / قطعه
54,لا غذائى,مفروشات,رول ومفرش,إستيكر بالمتر
6314,لا غذائى,تجميل,مواد العنايه بالفم,معجون اسنان جيل
9715,لا غذائى,كمبيوتر,مستلزمات موبيل / فون شوب,اير بود / فون شوب
23,لا غذائى,مفروشات,أرضيات,دواسات موكيت
254,غذائى,ثلاجات تجميد,محشيات,كفتة ارز
8228,لا غذائى,ادوات منزلية,الأستانلس + السلفر,شاى سيلفر 
6622,لا غذائى,مستلزمات اطفال,مستلزمات اطفال ,ملابس أطفال
3302,غذائى,عطارة,ارز وسكر ودقيق معبا,ارز بسمتى
6583,لا غذائى,كمبيوتر,تليفونات/ مستلزمات موبايل,هيدفون موبايل 
8211,لا غذائى,ادوات منزلية,الأستانلس + السلفر,كنك    
999,لا غذائى,مستلزمات عمل,مستلزمات عمل,لوازم عمل
1504,غذائى,معلبات,مشروبات بارده,عصائر بودر
8510,لا غذائى,ادوات منزلية,ترامس / ثلاجات رحلات / موازين,زمزميات
8027,لا غذائى,ادوات منزلية,زجاج وبيركس وكريستال,اطقم شربات
6718,لا غذائى,مستلزمات اطفال,لعب اطفال و اعياد ميلاد,شمع ومستلزمات اعياد ميلاد
6208,لا غذائى,تجميل,مواد العنايه بالشعر,صبغة شعر - اكسجين
6631,لا غذائى,مستلزمات اطفال,مستلزمات اطفال ,مكتب
252,غذائى,ثلاجات تجميد,محشيات,محشى ورق عنب لحم
4711,غذائى,مخبوزات,مخبوزات جاهزة / حلويات العيد,مخبوزات مجهزه
9638,غذائى,وجبات جاهزة,مشاوى,دجاج
3055,لا غذائى,ملابس,جوارب / ايشارب,شراب كريستال حريمى
8912,لا غذائى,ادوات منزلية,الأستانلس + السلفر,قطع توزيع مختلفة
6220,لا غذائى,تجميل,مواد العنايه بالشعر,ماسكرا للشعر
61,لا غذائى,مفروشات,مراتب / رحلات,بين باج
8121,لا غذائى,ادوات منزلية,الالمونيوم والصاج,طواجن الومنيوم 
5605,لا غذائى,منظفات,مبيدات - غاز - وكبريت,طارد العته - النفتالين
7601,لا غذائى,مستلزمات متنوعة,نباتات زينة ومستلزمات حدائق ,نباتات طبيعية 
8003,لا غذائى,ادوات منزلية,زجاج وبيركس وكريستال,ماجات شوربة
6475,لا غذائى,تجميل,مكياج عين,ديب لاينر
9411,لا غذائى,ادوات منزلية,خوص وبوص,سبت غسيل
5616,لا غذائى,منظفات,مبيدات - غاز - وكبريت,مناديل طاردة للناموس
4601,غذائى,وجبات جاهزة,مقبلات,شيبسى
6447,لا غذائى,تجميل,مكياج شفاه,قلم حواجب
6733,لا غذائى,مستلزمات اطفال,العنايه بالجسم,شاور جيل
4601,غذائى,حلويات,شيبسى و سناكس وفشار ومحمصات,شيبسى
1555,غذائى,ثلاجات تبريد,جبن تتراباك,جبنه رومى تتراباك
1172,لا غذائى,ملابس,ملابس اطفال شتوى,جاكيت
6728,لا غذائى,مستلزمات اطفال,العناية بالشعر,شامبو
5517,لا غذائى,منظفات,مرايل وجوانتيات,ماسك سخن
7812,لا غذائى,ادوات منزلية,منتجات خشبية و معدنية ,بلانشة 
6607,لا غذائى,مستلزمات اطفال,مستلزمات اطفال ,بانيو 
6225,لا غذائى,تجميل,ادوات العنايه بالشعر,سوست شعر
8107,لا غذائى,ادوات منزلية,الالمونيوم والصاج,مقلايات الومنيوم
3151,لا غذائى,ملابس,ملابس حريمى صيفى,بنطلون ترنج حريمى صيفى
6562,لا غذائى,كمبيوتر,مستلزمات كمبيوتر,جيم باد - ذراع بلاى ستيشن
6409,لا غذائى,تجميل,مواد العناية بالجسم والبشرة,كريم للبشرة
3000,لا غذائى,ملابس,ملابس رجالى سنوى,بنطلون جينز
1595,غذائى,ثلاجات تجميد,مصنعات لحوم مجمده,هوت دوج
248,غذائى,ثلاجات تجميد,محشيات,سمبوسك لحم
8342,لا غذائى,ادوات منزلية,خزف+ صينى+فخار ,طاجن
9603,لا غذائى,أدوات كهربائية,مستلزمات أدوات كهربائيه,رفايع كهرباء
6306,لا غذائى,تجميل,مواد العنايه بالفم,مثبت لطقم الاسنان
9035,لا غذائى,ادوات منزلية,منتجات خشبية و معدنية ,عكاز
3201,غذائى,عطارة,ياميش,ياميش بالوزن
170,غذائى,وجبات جاهزة,ساندوتشات,ساخنة
7602,لا غذائى,مستلزمات متنوعة,نباتات زينة ومستلزمات حدائق ,نباتات صناعية
1639,غذائى,ثلاجات تبريد, اسماك مبرده,جمبرى مبرد
8401,لا غذائى,ادوات منزلية,زجاج وبيركس وكريستال,اطقم اركوبال
5920,لا غذائى,منظفات,ادوات نظافه بلاستيك,مهفات
5949,لا غذائى,منظفات,ادوات نظافه بلاستيك,فرش اطباق - بوتاجاز - زجاجات
6717,لا غذائى,مستلزمات اطفال,لعب اطفال و اعياد ميلاد,مستلزمات هدايا
238,غذائى,ثلاجات تجميد,مصنعات دجاج نصف مطهى معبأ,برجر دجاج
1168,لا غذائى,ملابس,ملابس اطفال شتوى,طقم دفاية اولادى
5920,لا غذائى,منظفات,ادوات نظافه متنوعه,مهفات / زعافات
2803,غذائى,معلبات,خامات حلويات ,ايس كريم بودر
7917,لا غذائى,ادوات منزلية,تيفال/ سيراميك / جرانيت,جريل
8307,لا غذائى,ادوات منزلية,خزف+ صينى+فخار ,سرفيس صينى 
9685,لا غذائى,المكتبة,أدوات مكتبية,نوت بوك
8202,لا غذائى,ادوات منزلية,الأستانلس + السلفر,حلل
233,غذائى,ثلاجات تجميد,مصنعات دجاج نصف مطهى معبأ,ستربس
9618,لا غذائى,أدوات كهربائية,مستلزمات أدوات كهربائيه,لمبات موفره
6721,لا غذائى,مستلزمات اطفال,لعب اطفال و اعياد ميلاد,فوانيس
3811,غذائى,مخبوزات,مخبوزات جملة ماركت ,مقرمشات
148,غذائى,جزارة مستوردة,لحم مستورد ,لحمه هندى بالوزن
8947,لا غذائى,ادوات منزلية,رفايع,سكاكين مطبخ
8304,لا غذائى,ادوات منزلية,خزف+ صينى+فخار ,اطقم قهوة
8906,لا غذائى,ادوات منزلية,رفايع,مباشر
3304,غذائى,عطارة,ارز وسكر ودقيق معبا,سكر خشن
9744,غذائى,ثلاجات تبريد,عصائر فريش مبرده,عصائر فريش مبرد
9033,لا غذائى,ادوات منزلية,منتجات خشبية و معدنية ,حامل سكاكين 
3094,لا غذائى,ملابس,ملابس حريمى شتوى,بلوفر 
7862,لا غذائى,ادوات منزلية,البلاستيك,حافظه ادويه
52,لا غذائى,مفروشات,رول ومفرش,رول سوفتى
8329,لا غذائى,ادوات منزلية,خزف+ صينى+فخار ,بونونيرة خزف 
9698,لا غذائى,كمبيوتر,مستلزمات موبيل / فون شوب,كابلات موبيل / فون شوب
4207,غذائى,حلويات,بسكويت ,بسكويت مغطي
4408,غذائى,حلويات,حلوى,ربسوس
1509,غذائى,معلبات,مشروبات بارده,ايس تى - ايس كوفى - ميلك شيك
6020,لا غذائى,ورقيات,فوط صحيه,فوط صحيه يوميه
8012,لا غذائى,ادوات منزلية,زجاج وبيركس وكريستال,توابل
6315,لا غذائى,تجميل,مواد العنايه بالفم,معجون اسنان اطفال
8790,لا غذائى,أجهزة كهربائية,اجهزه كهربائيه متنوعه,تكييف / مبرد هواء
8928,لا غذائى,ادوات منزلية,الأستانلس + السلفر,ماكينة بيتى فور
3203,غذائى,عطارة,عطارة وزن,بلح مغلف
3057,لا غذائى,ملابس,جوارب / ايشارب,شراب جاكار حريمى
4112,غذائى,حلويات,شيكولاتة,بيض شيكولاته
2222,غذائى,معلبات,مشهيات,ماء زهر - ماء ورد
3062,لا غذائى,ملابس,جوارب / ايشارب,شراب رياضى حريمى
4301,غذائى,حلويات,ايس كريم,ايس كريم تورتات
5002,لا غذائى,منظفات,صابون,مساحيق يدوى
2912,غذائى,بقالة,بقالة وزن,مخللات
3103,غذائى,عطارة,عطارة وزن,توابل وبهارات
1570,غذائى,ثلاجات تبريد,منتجات البان,لبنه معلبه
2602,غذائى,معلبات,لحوم معلبة ماشية وطيور,كورندبيف
5202,لا غذائى,منظفات,ملمعات,ملمع معادن
6571,لا غذائى,كمبيوتر,مستلزمات كمبيوتر,كلينر
5107,لا غذائى,منظفات,ادوات ومواد تنظيف احذيه,ورنيش اخذيه منظف كوتشى
5916,لا غذائى,منظفات,ادوات نظافه بلاستيك,مساحات ارضيات
154,غذائى,مواشى/ طيور حيه,مواشى/ طيور حيه,طيور حيه
9024,لا غذائى,ادوات منزلية,منتجات خشبية و معدنية ,قاعدة انبوبة
8801,لا غذائى,ادوات منزلية,الملامين ,طبق
1202,غذائى,معلبات,سمن,سمن نباتى
6738,لا غذائى,مستلزمات اطفال,لعب اطفال و اعياد ميلاد,مطابخ وادوات منزليه
5914,لا غذائى,منظفات,ادوات نظافه متنوعه,مساحات زجاج
6710,لا غذائى,مستلزمات اطفال,لعب اطفال و اعياد ميلاد,العاب موسيقية
8918,لا غذائى,ادوات منزلية,رفايع,ماسك استانلس وبلاستك وسلفر
6313,لا غذائى,تجميل,مواد العنايه بالفم,معجون اسنان وايتنج (مبيض)
6606,لا غذائى,مستلزمات اطفال,مستلزمات اطفال ,مشاية
3147,لا غذائى,ملابس,ملابس حريمى صيفى,جلابية نص كم
8222,لا غذائى,ادوات منزلية,الأستانلس + السلفر,منخل 
3045,لا غذائى,ملابس,ملابس داخلية,بوكسر اولادى
2922,غذائى,بقالة,بقالة وزن,قشطه
6429,لا غذائى,تجميل,مواد العناية بالجسم والبشرة,مستحضرات العناية بالعينين
6233,لا غذائى,تجميل,ادوات العنايه بالشعر,بونيه 
190,غذائى,ثلاجات تبريد,جبن بلاستيك,زيتون
4406,غذائى,حلويات,حلوى,غزل بنات
3064,لا غذائى,ملابس,جوارب / ايشارب,ايشاربات/كوفيه
9201,لا غذائى,ادوات منزلية,رفايع,براويز انواع مختلفة
6443,لا غذائى,تجميل,مكياج شفاه,سيرم شفاه
8007,لا غذائى,ادوات منزلية,زجاج وبيركس وكريستال,شيالة + بونبونيرة
6104,لا غذائى,تجميل,مستلزمات حلاقة,فوم وجيل قبل الحلاقة
9659,غذائى,عصير فريش,عصير فريش,فواكة قطع
1550,غذائى,ثلاجات تبريد,جبن تتراباك,جبنه فيتا تتراباك
9029,لا غذائى,ادوات منزلية,منتجات خشبية و معدنية ,شوايات فحم وبوتاجاز
268,غذائى,ثلاجات تجميد,فلافل مجمدة,فلافل بالوزن
7603,لا غذائى,مستلزمات متنوعة,نباتات زينة ومستلزمات حدائق ,عدد ومستلزمات حدائق
1598,غذائى,ثلاجات تجميد,عجائن  ,كنافه
1719,غذائى,معلبات,دايت / نباتى,توست ارز
6736,لا غذائى,مستلزمات اطفال,العنايه بالجسم,هاند ووش
9409,لا غذائى,ادوات منزلية,خوص وبوص,طاوله
3206,غذائى,عطارة,ياميش,شنط ياميش رمضان الأساسية
28,لا غذائى,مفروشات,ستائر ومستلزمات,ستائر حمام
147,غذائى,أسماك فريش,اسماك البحر الاحمر,اسماك البحر الاحمر
5601,لا غذائى,منظفات,مبيدات - غاز - وكبريت,مبيدات حشرات زاحفه سوائل
160,لا غذائى,مستلزمات متنوعة,أدوات رياضيه,أدوات رياضيه
3402,غذائى,عطارة,علافة وتوابل واعشاب معباة,توابل وبهارات معباة
6430,لا غذائى,تجميل,مواد العناية بالجسم والبشرة,هاند ووش
2505,غذائى,معلبات,البان,البان نباتيه (صويا وجوزهند)
8907,لا غذائى,ادوات منزلية,رفايع,قطاعات فبر+ تفاح 
1572,غذائى,ثلاجات تبريد,زبادى,زبادى بلدى
3033,لا غذائى,ملابس,ملابس داخلية,شورت حريمى
125,غذائى,جزاره بلدى,لحم بتلو,كبده بتلو
6431,لا غذائى,تجميل,مواد العناية بالجسم والبشرة,فازلين للبشرة
184,غذائى,ثلاجات تبريد,جبن بلاستيك,اسطنبولى
8019,لا غذائى,ادوات منزلية,زجاج وبيركس وكريستال,اطقم سمك
3097,لا غذائى,ملابس,ملابس اطفال سنوى,بدى / تى شيرت بناتى
166,غذائى,عطارة,محمصة ,محمصة 
6587,لا غذائى,كمبيوتر,تليفونات/ مستلزمات موبايل,شاحن ولاعة 
6741,لا غذائى,مستلزمات اطفال,لعب اطفال و اعياد ميلاد,العاب سوفت
6309,لا غذائى,تجميل,ادوات العنايه بالاسنان,خيوط اسنان
2919,غذائى,بقالة,بقالة وزن,جبنة موتزاريلا
2003,غذائى,معلبات,شوربات ومرقات و خلطات,خلطات
2225,غذائى,معلبات,خضار معلب,مشروم شرائح
9666,غذائى,ثلاجات تجميد,منتجات بحريه مجمده,كاترينج 
8507,لا غذائى,ادوات منزلية,ترامس / ثلاجات رحلات / موازين,ميزان حمام 
8328,لا غذائى,ادوات منزلية,خزف+ صينى+فخار ,اطقم توابل 
9647,لا غذائى,ملابس,شنط/ محفظه,هاند باج
8403,لا غذائى,ادوات منزلية,الأركوبال / اركوبيركس,حلة بيروفلام
3090,لا غذائى,ملابس,ملابس داخلية,كلسون رجالى
6565,لا غذائى,كمبيوتر,مستلزمات كمبيوتر,شاحن لاب توب
8233,لا غذائى,ادوات منزلية,الأستانلس + السلفر,سكرية سيلفر
3089,لا غذائى,ملابس,ملابس رجالى صيفى ,عباية صيفى
7001,لا غذائى,مستلزمات متنوعة,خدمات الموبايل,كروت شحن
4407,غذائى,حلويات,حلوى,نوجا
3101,غذائى,عطارة,عطارة وزن,علافة بالوزن
45,لا غذائى,مفروشات,معادن,منشر غسيل
58,لا غذائى,مفروشات,مستلزمات متنوعه,شنطة أسواق
1511,غذائى,معلبات,مشروبات بارده,مياه فواره
8336,لا غذائى,ادوات منزلية,خزف+ صينى+فخار ,اطقم ثلاجة
41,لا غذائى,مفروشات,منسوجات,ترابيع
118,غذائى,شوايه,أكل جاهز,أكل جاهز
2244,غذائى,معلبات,اسماك معلبه ,تونة دايت 
7825,لا غذائى,ادوات منزلية,البلاستيك,مصفى 
8918,لا غذائى,ادوات منزلية,البلاستيك,ماسك استانلس وبلاستك وسلفر
5504,لا غذائى,منظفات,ادوات تنظيف,فرش - لوف استحمام
6445,لا غذائى,تجميل,مكياج شفاه,مسكرا
140,غذائى,جزارة مستوردة,لحم مستورد ,كبده بتلو مستورده بالوزن
8001,لا غذائى,ادوات منزلية,ترامس / ثلاجات رحلات / موازين,مجات زجاج 
176,غذائى,ثلاجات تبريد,جبن شرائح,شرائح رومي
4710,غذائى,مخبوزات,مخبوزات جاهزة / حلويات العيد,الخبز
8755,لا غذائى,أجهزة كهربائية,اجهزه كهربائيه متنوعه,كيتشين ماشين
3066,لا غذائى,ملابس,كاب,كاب حريمى / ايس كاب / برنيطه
214,غذائى,ثلاجات تبريد,مصنعات لحوم مبرده,فرانك/ هوت دوج
3165,لا غذائى,ملابس,ملابس اطفال شتوى,ترنج بناتى
8773,لا غذائى,أجهزة كهربائية,اجهزه كهربائيه متنوعه,شوايات
8508,لا غذائى,ادوات منزلية,ترامس / ثلاجات رحلات / موازين,ميزان مطبخ
1109,غذائى,معلبات,زيوت,زيوت متنوعه
100,غذائى,دواجن فريش,ارانب فريش بالوزن,ارانب بالوزن
5208,لا غذائى,منظفات,مطهرات,معطر جو سائل
8002,لا غذائى,ادوات منزلية,الأركوبال / اركوبيركس,اكواب
172,غذائى,ثلاجات تبريد,ألبان فريش,لبن فريش كامل الدسم
8752,لا غذائى,أجهزة كهربائية,اجهزه كهربائيه متنوعه,سيشوار
9711,لا غذائى,كمبيوتر,مستلزمات موبيل / فون شوب,كابلات / فون شوب
2903,غذائى,بقالة,بقالة وزن,لانشون
21,لا غذائى,مفروشات,أرضيات,دواسات ليف
276,غذائى,أسماك مملحه,اسماك مملحه بالوزن,فسيخ
9648,غذائى,حلويات,شيكولاتة,شيكولاتة مينى اكياس
9662,غذائى,بقالة,بيض معبأ,بيض احمر
3128,غذائى,عطارة,عطارة وزن,مقرمشات بالوزن
9749,غذائى,معلبات,مشروبات ساخنه,مشروب كاكاو
7803,لا غذائى,ادوات منزلية,البلاستيك,طشت وماجور 
198,غذائى,ثلاجات تبريد,جبن شيدر اطعم,فلفل اخضر
1612,غذائى,ثلاجات تجميد,منتجات بحريه مجمده,جمبرى بقشره
3091,لا غذائى,ملابس,ملابس داخلية,فانلة بكم رجالى
8018,لا غذائى,ادوات منزلية,زجاج وبيركس وفيزون ,أطقم جاتوة
219,غذائى,ثلاجات تبريد,مصنعات دجاج مبرده,فرانك دجاج
3504,غذائى,عطارة,زيوت وبخور وفحم معباه,زيوت بالوزن
4403,غذائى,حلويات,حلوى,لبان
3810,غذائى,مخبوزات,مخبوزات جملة ماركت ,معجنات
3102,غذائى,عطارة,عطارة وزن,اعشاب بالوزن
2002,غذائى,معلبات,شوربات ومرقات و خلطات,مرقات
5305,لا غذائى,منظفات,صابون,صابون - مطهر
6555,لا غذائى,كمبيوتر,مستلزمات كمبيوتر,صب ووفر - سماعات
102,غذائى,دواجن فريش,دجاج فريش بالوزن,أجزاء دجاج بالوزن
9007,لا غذائى,ادوات منزلية,منتجات خشبية و معدنية ,جزامات خشب
6627,لا غذائى,مستلزمات اطفال,مستلزمات اطفال ,كابات 
208,غذائى,ثلاجات تبريد,مصنعات البان,موس كراميل
6706,لا غذائى,مستلزمات اطفال,لعب اطفال و اعياد ميلاد,العاب ذكاء و تسلية
2101,غذائى,معلبات,صلصة طماطم,صلصة طماطم 
261,غذائى,ثلاجات تجميد,منتجات بحريه مجمده,كالمارى اقماع
2236,غذائى,معلبات,مشهيات,هوت صوص
6589,لا غذائى,كمبيوتر,تليفونات/ مستلزمات موبايل,سبيكر بالشحن
6735,لا غذائى,مستلزمات اطفال,العنايه بالجسم,بودرة ثلج
3501,غذائى,عطارة,زيوت وبخور وفحم معباه,زيوت
8917,لا غذائى,ادوات منزلية,رفايع,أطقم سكاكين
3133,لا غذائى,ملابس,ملابس رجالى شتوى ,جوانتى
3205,غذائى,عطارة,ياميش,قمر الدين
6721,لا غذائى,مستلزمات اطفال,لعب اطفال و اعياد ميلاد,فوانيس / زينة رمضان
8928,لا غذائى,ادوات منزلية,رفايع,ماكينة بيتى فور
19,لا غذائى,مفروشات,الوبريات,بٌرنس
2807,غذائى,معلبات,خامات حلويات ,كريم شانتيه
5917,لا غذائى,منظفات,ادوات نظافه متنوعه,مساحات بلاستيك/ارضيه/صاج
5001,لا غذائى,منظفات,العنايه بالملابس,مساحيق اتوماتيك عادى
7908,لا غذائى,ادوات منزلية,تيفال/ سيراميك / جرانيت,صينية
3308,غذائى,عطارة,ارز وسكر ودقيق معبا,سكر نبات
8224,لا غذائى,ادوات منزلية,رفايع,مصافى
1594,غذائى,ثلاجات تجميد,مصنعات لحوم مجمده,كفتة لحمة
5912,لا غذائى,منظفات,ادوات نظافه بلاستيك,جواريف
8505,لا غذائى,ادوات منزلية,ترامس / ثلاجات رحلات / موازين,بديل ثلج
6413,لا غذائى,تجميل,مواد العناية بالجسم والبشرة,بودرة تفتيح
6426,لا غذائى,تجميل,مواد العناية بالجسم والبشرة,سبراى رجالى
2001,غذائى,معلبات,شوربات ومرقات و خلطات,شوربات 
1503,غذائى,معلبات,مشروبات بارده,عصائر تتراباك مصرى
3158,لا غذائى,ملابس,ملابس اطفال صيفى,تى شيرت اولادى
159,غذائى,أسماك فريش,اسماك / جمبرى مجمد,اسماك مجمده / جمبرى
7827,لا غذائى,ادوات منزلية,البلاستيك,توابل / سكريه
223,غذائى,ثلاجات تجميد,طيور مجمده,سمان
270,غذائى,أسماك مملحه,اسماك مملحه معبأة,اسماك مملحه ممعبأة
3138,لا غذائى,ملابس,ملابس رجالى صيفى ,ترنج 
3311,غذائى,عطارة,ارز وسكر ودقيق معبا,دقيق ارز
6732,لا غذائى,مستلزمات اطفال,العنايه بالجسم,كولونيا / برفان
213,غذائى,ثلاجات تبريد,مصنعات لحوم مبرده,بيف لحم
7901,لا غذائى,ادوات منزلية,خزف+ صينى+فخار ,اطقم 
8777,لا غذائى,أجهزة كهربائية,اجهزه كهربائيه متنوعه,ماكينه صنع قهوه
4412,غذائى,حلويات,حلوى,بيض حلوى
3309,غذائى,عطارة,ارز وسكر ودقيق معبا,دقيق ابيض
8778,لا غذائى,أجهزة كهربائية,اجهزه كهربائيه متنوعه,مكواه شعر
3501,غذائى,عطارة,زيوت وبخور وفحم معباه,زيوت معبأة
4210,غذائى,حلويات,بسكويت ,فريسكا
9626,لا غذائى,ملابس,ملابس حريمى صيفى,تى شيرت 
3804,غذائى,مخبوزات,مخبوزات جملة ماركت ,بسكويت
8123,لا غذائى,ادوات منزلية,الالمونيوم والصاج,صحن بيض
7502,لا غذائى,مستلزمات متنوعة,بطاريات جافة وكشافات وشواحن بطاريات,كشافات 
2703,غذائى,معلبات,كورن فليكس وشوفان,موسلى
9,غذائى,ثلاجات تجميد,مصنعات لحوم مجمده بالوزن,سوسيس بالوزن
151,غذائى,فطير / بيتزا,مكرونات,مكرونه فرن
178,غذائى,ثلاجات تبريد,جبن مطبوخ و سبريد,أكواب جبنه
4111,غذائى,حلويات,كيك,كيك أنواع
2208,غذائى,معلبات,اسماك معلبه ,ماكريل
2702,غذائى,معلبات,كورن فليكس / شوفان / بروتين,شوفان
8503,لا غذائى,ادوات منزلية,ترامس / ثلاجات رحلات / موازين,ترامس
2220,غذائى,معلبات,مشهيات,خل
6618,لا غذائى,مستلزمات اطفال,مستلزمات اطفال ,مستلزمات الامان
8767,لا غذائى,أجهزة كهربائية,اجهزه كهربائيه متنوعه,غسالات
8103,لا غذائى,ادوات منزلية,الالمونيوم والصاج,حلل الومنيوم 
290,غذائى,أصناف موقوفه,أصناف موقوفه,أصناف موقوفه
2237,غذائى,معلبات,مشهيات,دبس رمان
1406,غذائى,معلبات,مشروبات ساخنه,سحلب وحلبه محوجه
1515,غذائى,معلبات,مشروبات بارده,عصير تتراباك بيور
9710,لا غذائى,كمبيوتر,مستلزمات موبيل / فون شوب,كونفرتر OTG/ فون شوب
134,غذائى,جزارة مستوردة,لحم مستورد ,كبده مستورده بالوزن
3023,لا غذائى,ملابس,ملابس اطفال,شورت / بنتكور
8108,لا غذائى,ادوات منزلية,الالمونيوم والصاج,مقلايات صاج 
232,غذائى,ثلاجات تجميد,مصنعات دجاج نصف مطهى معبأ,ناجتس
129,غذائى,جزاره بلدى,لحم سودانى,عجل/ توسيطه سودانى
6207,لا غذائى,تجميل,مواد العنايه بالشعر,معالجات شعر
1573,غذائى,ثلاجات تبريد,زبادى,زبادى ساده
1,غذائى,ثلاجات تجميد,ثلج,مكعبات ثلج
3305,غذائى,عطارة,ارز وسكر ودقيق معبا,سكر بودر
1103,غذائى,معلبات,زيوت,زيت خليط
2812,غذائى,معلبات,خامات حلويات ,صوص حلو/ سيرب
6407,لا غذائى,تجميل,مواد العناية بالجسم والبشرة,مسكات للبشرة
5938,لا غذائى,منظفات,فويل / ورق زبده,غطاء بوتجاز
9646,لا غذائى,ملابس,ملابس رجالى سنوى,قميص كم
6608,لا غذائى,مستلزمات اطفال,مستلزمات اطفال ,سكاتة وسلسلة سكاتة
9721,لا غذائى,كمبيوتر,مستلزمات موبيل / فون شوب,بلاى ستيشن / فون شوب
8235,لا غذائى,ادوات منزلية,الأستانلس + السلفر,كسرولة 
1579,غذائى,ثلاجات تبريد,مصنعات البان,ارز باللبن
9753,مستلزمات H.R,ملابس خاصه للعمل,ملابس موظفين,بدلة / جاكيت /بالطو / فيست
237,غذائى,ثلاجات تجميد,مصنعات دجاج نصف مطهى معبأ,وراك
209,غذائى,ثلاجات تبريد,مصنعات البان,موس شيكولاته
3007,لا غذائى,ملابس,ملابس رجالى سنوى,بدل
3003,لا غذائى,ملابس,ملابس رجالى سنوى,كرافت
1714,غذائى,معلبات,دايت / نباتى ,سكر - دايت
8411,لا غذائى,ادوات منزلية,الأركوبال / اركوبيركس,بولة
8903,لا غذائى,ادوات منزلية,رفايع,فتاحة
8912,لا غذائى,ادوات منزلية,رفايع,قطع توزيع مختلفة
3129,لا غذائى,ملابس,ملابس رياضيه,ملابس رجالى رياضيه
6550,لا غذائى,كمبيوتر,مستلزمات كمبيوتر,مايك
38,لا غذائى,مفروشات,منسوجات,طقم سادة
3004,لا غذائى,ملابس,ملابس رجالى صيفى ,تى شيرت مطبوع
6120,لا غذائى,ورقيات,مناديل ورقيه,علب
9681,لا غذائى,المكتبة,أدوات مكتبية,اسكتشات
8006,لا غذائى,ادوات منزلية,زجاج وبيركس وكريستال,أطباق فاكهة زجاج
8335,لا غذائى,ادوات منزلية,خزف+ صينى+فخار ,اطقم جاتوه صينى
8951,لا غذائى,ادوات منزلية,رفايع,فلتر انواع عادى 
3071,لا غذائى,ملابس,احذية,احذية اطفال
1716,غذائى,معلبات,دايت / نباتى ,دقيق مالتى جرين
8803,لا غذائى,ادوات منزلية,الملامين ,طفاية
7827,لا غذائى,ادوات منزلية,زجاج وبيركس وكريستال,توابل / سكريه
8792,لا غذائى,أجهزة كهربائية,اجهزه كهربائيه متنوعه,ديب فريزر
8412,لا غذائى,ادوات منزلية,الأركوبال / اركوبيركس,لبانة
8115,لا غذائى,ادوات منزلية,الالمونيوم والصاج,دوارق الومنيوم
1410,غذائى,معلبات,مشروبات ساخنه,شاى اخضر
8751,لا غذائى,أجهزة كهربائية,اجهزه كهربائيه متنوعه,مضرب نسكافيه كهرباء
8787,لا غذائى,أجهزة كهربائية,اجهزه كهربائيه متنوعه,تلفزيونات / شاشاتLCD
5304,لا غذائى,منظفات,صابون,صابون - بار
8333,لا غذائى,ادوات منزلية,خزف+ صينى+فخار ,طقم حمام خزف 
9682,لا غذائى,المكتبة,أدوات مكتبية,شنط مدرسية 
66,لا غذائى,مفروشات,مستلزمات متنوعه,غطاء قاعدة تواليت
8330,لا غذائى,ادوات منزلية,خزف+ صينى+فخار ,فنجان قهوة 
7838,لا غذائى,ادوات منزلية,البلاستيك,قوالب ثلج 
5012,لا غذائى,منظفات,العنايه بالملابس,مسحوق جيل
9601,لا غذائى,أدوات كهربائية,مستلزمات أدوات كهربائيه,لمبات عاديه
1583,غذائى,ثلاجات تبريد,مصنعات لحوم مبرده,لحوم شرائح
2705,غذائى,معلبات,كورن فليكس / شوفان / بروتين,ذره فشار
1631,غذائى,ثلاجات تبريد,جبن تتراباك,جبنه زيتون تتراباك
5909,لا غذائى,منظفات,منظفات متخصصه,منظفات سجاد
5703,لا غذائى,منظفات,اكياس ,اكياس ساندوتشات
9755,مستلزمات H.R,ملابس خاصه للعمل,ملابس موظفين,مريلة
1561,غذائى,ثلاجات تبريد,جبن تتراباك,جبنه نباتى 
8758,لا غذائى,أجهزة كهربائية,اجهزه كهربائيه متنوعه,حامل تلفزيونات
8004,لا غذائى,ادوات منزلية,زجاج وبيركس وفيزون,كاسات
6558,لا غذائى,كمبيوتر,مستلزمات كمبيوتر,ريدر
5516,لا غذائى,منظفات,مرايل وجوانتيات,جوانتيات طبيه
204,غذائى,ثلاجات تبريد,زبادى,زبادى فخار
6456,لا غذائى,تجميل,ادوات العنايه بالشعر,مرايات
7101,لا غذائى,منظفات,ادوات تنظيف,مستلزمات الحيوانات
6743,لا غذائى,مستلزمات اطفال,لعب اطفال و اعياد ميلاد,شواحن
9717,لا غذائى,كمبيوتر,مستلزمات موبيل / فون شوب,سكرينه / فون شوب
6626,لا غذائى,مستلزمات اطفال,مستلزمات اطفال ,كرسي
9204,لا غذائى,ادوات منزلية,براويز/ تحف  ,مشغولات يدوية
1418,غذائى,معلبات,مشروبات ساخنه,مبيض قهوة
5953,لا غذائى,منظفات,ادوات نظافه متنوعه,عصا بلاستيك / خشب / معدن
1801,غذائى,معلبات,كريمات وزبدة فول ,كريمة شيكولاتة 
3048,لا غذائى,ملابس,جوارب / ايشارب,شراب فوطة رجالى
7844,لا غذائى,ادوات منزلية,البلاستيك,حلل حفظ + مكبة
8925,لا غذائى,ادوات منزلية,رفايع,كيس ومكبس كريمة
8506,لا غذائى,ادوات منزلية,ترامس / ثلاجات رحلات / موازين,مج ترمس
6561,لا غذائى,كمبيوتر,مستلزمات كمبيوتر,كابلات
2316,غذائى,معلبات,خضار معلب,بسله
6419,لا غذائى,تجميل,مواد العناية بالجسم والبشرة,بودرة قدم
6724,لا غذائى,مستلزمات اطفال,اكل اطفال,اكل اطفال عصير
8106,لا غذائى,ادوات منزلية,الالمونيوم والصاج,كنك صاج 
5211,لا غذائى,منظفات,معطرات,اجهزة معطر جو
6581,لا غذائى,كمبيوتر,مستلزمات كمبيوتر,اكسسوارات موبايل
7823,لا غذائى,ادوات منزلية,الملامين ,بولة / عجانه
165,غذائى,وجبات جاهزة,أكل جاهز,مكرونات
9738,لا غذائى,تجميل,مواد العناية بالجسم والبشرة,مزيل عرق استيك
1569,غذائى,ثلاجات تبريد,منتجات البان,كريمه معلبه
5513,لا غذائى,منظفات,ادوات تنظيف,فوط سفراء - تلميع زجاج
1602,غذائى,معلبات,حلاوة طحينيه,حلاوة شيكولاتة
8909,لا غذائى,ادوات منزلية,رفايع,مضرب بيض ونسكافية
5203,لا غذائى,منظفات,ملمعات,ملمع زجاج - نجف
8724,لا غذائى,ادوات منزلية,كراسى جلد/ بحر/ شماسى ,كراسى بحر /جلد
6108,لا غذائى,تجميل,مستلزمات حلاقة,فرشاة حلاقة
8302,لا غذائى,ادوات منزلية,خزف+ صينى+فخار ,اطقم شاى 
5949,لا غذائى,منظفات,ادوات نظافه متنوعه,فرش اطباق - بوتاجاز - زجاجات
8772,لا غذائى,أجهزة كهربائية,اجهزه كهربائيه متنوعه,كبه / قطاعه
8305,لا غذائى,ادوات منزلية,خزف+ صينى+فخار ,اطقم عشاء 
2221,غذائى,معلبات,مشهيات,ملح
8404,لا غذائى,ادوات منزلية,الأركوبال / اركوبيركس,طاجن بيروفلام 
1505,غذائى,معلبات,مشروبات بارده,عصائر فريش
3153,لا غذائى,ملابس,ملابس حريمى شتوى,جلابية
7812,لا غذائى,ادوات منزلية,البلاستيك,بلانشة 
8028,لا غذائى,ادوات منزلية,زجاج وبيركس وكريستال,اطباق 
5936,لا غذائى,منظفات,كيلنج فيلم/ استرتش,كيلنج فيلم
8753,لا غذائى,أجهزة كهربائية,اجهزه كهربائيه متنوعه,حله تحمير كهربائيه
5010,لا غذائى,منظفات,العنايه بالملابس,زهرة - مبيضات
3038,لا غذائى,ملابس,ملابس داخلية,طقم اولادى
3073,لا غذائى,ملابس,احذية,كوتشى حريمى
138,غذائى,جزارة مستوردة,لحم مستورد ,لحم ماعز
8328,لا غذائى,ادوات منزلية,البلاستيك,اطقم توابل 
11,لا غذائى,ملابس,ملابس اطفال سنوى,تى شيرت 
3042,لا غذائى,ملابس,ملابس داخلية,نصف كم اولادى
1711,غذائى,معلبات,دايت / نباتى ,مكرونه - دايت
3060,لا غذائى,ملابس,جوارب / ايشارب,شراب كولون حريمى
2706,غذائى,معلبات,كورن فليكس وشوفان,بروتين بار / بودر
8794,لا غذائى,أجهزة كهربائية,اجهزه كهربائيه متنوعه,ماكينة تنظيف ملابس
8305,لا غذائى,ادوات منزلية,زجاج وبيركس وكريستال,اطقم عشاء 
27,لا غذائى,مفروشات,أرضيات,حافظة سجاد
8939,لا غذائى,ادوات منزلية,رفايع,معلقة / شوكة حلو سفرة
6202,لا غذائى,تجميل,مواد العنايه بالشعر,بلسم
6705,لا غذائى,مستلزمات اطفال,لعب اطفال و اعياد ميلاد,مكعبات والعاب فك وتركيب
8933,لا غذائى,ادوات منزلية,رفايع,مناقش عجين
9203,لا غذائى,ادوات منزلية,براويز/ تحف  ,تحف
8774,لا غذائى,أجهزة كهربائية,اجهزه كهربائيه متنوعه,فرن كهربائى
8109,لا غذائى,ادوات منزلية,الالمونيوم والصاج,كسرولات الومنيوم 
6449,لا غذائى,تجميل,مواد العناية بالجسم والبشرة,مزيل مكياج
9754,مستلزمات H.R,ملابس خاصه للعمل,ملابس موظفين,بلوفر 
6478,لا غذائى,تجميل,مواد العناية بالجسم والبشرة,كريم للقدمين
6605,لا غذائى,مستلزمات اطفال,مستلزمات اطفال ,كاريكوت
3202,غذائى,عطارة,زيوت وبخور وفحم معباه,ياميش معبا
180,غذائى,ثلاجات تبريد,جبن مطبوخ و سبريد,مربعات
8913,لا غذائى,ادوات منزلية,رفايع,أطقم معالق /شوك
6454,لا غذائى,تجميل,ادوات مكياج,ديكور اظافر
9032,لا غذائى,ادوات منزلية,منتجات خشبية و معدنية ,قاعدة كنك
3002,لا غذائى,ملابس,ملابس رجالى صيفى ,تى شيرت بولو 
5504,لا غذائى,منظفات,ادوات تنظيف,لوف استحمام
9727,لا غذائى,مستلزمات عمل,مستلزمات عمل,زجاجات التعبئه / اكواب
9752,مستلزمات H.R,ملابس خاصه للعمل,ملابس موظفين,بنطلون 
5704,لا غذائى,منظفات,اكياس ,اكياس حرارية
8306,لا غذائى,ادوات منزلية,زجاج وبيركس وكريستال,اطباق 
8015,لا غذائى,ادوات منزلية,زجاج وبيركس وفيزون ,صوانى
165,غذائى,وجبات جاهزة,مقبلات,شوربات
3163,لا غذائى,ملابس,ملابس اطفال صيفى,مايوة بناتى
241,غذائى,ثلاجات تجميد,خضروات مجمده,بطاطس وزن
7838,لا غذائى,ادوات منزلية,رفايع,قوالب ثلج 
4610,غذائى,حلويات,شيبسى و سناكس وفشار ومحمصات,سناكس مخبوز
9023,لا غذائى,ادوات منزلية,منتجات خشبية و معدنية ,علب مناديل خشب
6629,لا غذائى,مستلزمات اطفال,مستلزمات اطفال ,بوتى /قاعدة تواليت
5518,لا غذائى,منظفات,مرايل وجوانتيات,اطقم مرايل وجوانتيات مطبخ
7701,لا غذائى,مستلزمات متنوعة,لوازم عمل,اكياس كاشير
6425,لا غذائى,تجميل,مواد العناية بالجسم والبشرة,سبراى حريمى
1104,غذائى,معلبات,زيوت,زيت زيتون
3157,لا غذائى,ملابس,ملابس اطفال صيفى,ترنج بناتى 
9010,لا غذائى,ادوات منزلية,زجاج وبيركس وكريستال,مطبقيات استانلس+ صفاية معالق
7903,لا غذائى,ادوات منزلية,الالمونيوم والصاج,مقلايات
7861,لا غذائى,ادوات منزلية,البلاستيك,طفايه
5,غذائى,ثلاجات تجميد,مصنعات دجاج نصف مطهى بالوزن,ناجتس بالوزن
9758,لا غذائى,تجميل,مواد العناية بالجسم والبشرة,عناية بالمناطق الحساسة
3069,لا غذائى,ملابس,احذية,احذية رجالى
6012,لا غذائى,ورقيات,مناديل ورقيه,تواليت
6468,لا غذائى,تجميل,ادوات مكياج,مقشط كالو + غيار
1201,غذائى,معلبات,سمن,سمن طبيعى
8120,لا غذائى,ادوات منزلية,الالمونيوم والصاج,صوانى الومنيوم 
5951,لا غذائى,منظفات,ادوات نظافه متنوعه,فرش ملابس
221,غذائى,ثلاجات تبريد,ألبان فريش,لبن فريش خالى الدسم
8203,لا غذائى,ادوات منزلية,الأستانلس + السلفر,صوانى
8221,لا غذائى,ادوات منزلية,الأستانلس + السلفر,سكرية
8901,لا غذائى,ادوات منزلية,رفايع,مستلزمات أعياد ميلاد
1703,غذائى,معلبات,مربى و عسل,عسل اسود
6715,لا غذائى,مستلزمات اطفال,لعب اطفال و اعياد ميلاد,الوان وادوات رسم
8338,لا غذائى,ادوات منزلية,خزف+ صينى+فخار ,فازة
8028,لا غذائى,ادوات منزلية,زجاج وبيركس وفيزون ,اطباق 
9202,لا غذائى,ادوات منزلية,براويز/ تحف  ,اباجورات
101,غذائى,دواجن فريش,دجاج فريش بالوزن,دجاج كامل بالوزن
2701,غذائى,معلبات,كورن فليكس وشوفان,كورن فليكس
8230,لا غذائى,ادوات منزلية,الأستانلس + السلفر,بوبونيرة سيلفر
2504,غذائى,معلبات,مكرونه,البان مكثفه ومركز
228,غذائى,ثلاجات تجميد,مصنعات لحوم مجمده,شاورمه
